Mary,5983380.600000003
Anna,1266346.0999999999
Emma,742599.7999999999
Elizabeth,2091115.4
Minnie,265916.60000000003
Margaret,1829717.5999999996
Ida,299438.4000000001
Alice,820800.8999999998
Bertha,336758.60000000003
Sarah,1344702.7000000002
Annie,534420.7000000001
Clara,411151.00000000006
Ella,350421.69999999995
Florence,546544.5
Cora,178876.00000000003
Martha,797046.7000000003
Laura,978438.5
Nellie,241280.50000000003
Grace,651134.1000000001
Carrie,350112.8
Maude,80214.19999999997
Mabel,220287.4
Bessie,282817.50000000006
Jennie,194735.19999999998
Gertrude,296031.99999999994
Julia,597792.7000000002
Hattie,153863.40000000005
Edith,415122.80000000005
Mattie,206358.39999999988
Rose,702942.4
Catherine,891438.5000000002
Lillian,603436.4999999999
Ada,139259.89999999997
Lillie,238897.09999999998
Helen,1592161.8000000003
Jessie,253536.19999999992
Louise,515969.6999999999
Ethel,457863.8
Lula,136999.5
Myrtle,228816.9
Eva,356596.2000000001
Frances,892008.5000000006
Lena,203680.40000000008
Lucy,251236.8
Edna,468934.2000000002
Maggie,158022.30000000005
Pearl,248186.59999999995
Daisy,186092.5
Fannie,136570.30000000005
Josephine,445954.79999999993
Dora,157760.40000000002
Rosa,243188.99999999994
Katherine,804256.1
Agnes,253668.49999999994
Marie,802990.4000000001
Nora,165916.00000000006
May,73308.00000000003
Mamie,125738.20000000001
Blanche,145407.60000000003
Stella,210848.1
Ellen,375210.60000000003
Nancy,1323737.7
Effie,70967.29999999999
Sallie,76890.59999999998
Nettie,80173.79999999997
Della,100445.50000000001
Lizzie,60994.20000000001
Flora,102002.39999999995
Susie,124718.29999999999
Maud,22975.89999999999
Mae,169082.9
Etta,62728.2
Harriet,133835.09999999998
Sadie,140684.8
Caroline,262808.5999999999
Katie,297643.7
Lydia,191459.00000000006
Elsie,273676.7999999999
Kate,92969.29999999999
Susan,1374633.4000000004
Mollie,66280.20000000001
Alma,240627.49999999988
Addie,61670.29999999999
Georgia,209349.90000000008
Eliza,56445.200000000004
Lulu,19417.200000000004
Nannie,42389.20000000002
Lottie,73591.3
Amanda,934964.8999999997
Belle,21717.300000000003
Charlotte,384752.4999999998
Rebecca,888733.2000000001
Ruth,1259188.7999999998
Viola,207747.19999999998
Olive,76085.6
Amelia,157417.50000000006
Hannah,505247.7
Jane,503626.5
Virginia,951768.7
Emily,977314.2000000002
Matilda,40941.99999999999
Irene,535253.8000000002
Kathryn,586414.1
Esther,372728.4
Willie,229163.99999999994
Henrietta,78413.29999999999
Ollie,64823.200000000004
Amy,752776.3999999999
Rachel,684162.1
Sara,518499.9
Estella,52222.79999999997
Theresa,514613.0999999999
Augusta,23425.09999999999
Ora,60911.7
Pauline,347598.2999999999
Josie,67215.60000000002
Lola,114473.49999999996
Sophia,252788.90000000002
Leona,161495.40000000002
Anne,428734.9000000001
Mildred,716276.4000000001
Ann,633506.9000000003
Beulah,119464.70000000007
Callie,62513.5
Lou,47544.7
Delia,46386.700000000004
Eleanor,394075.90000000014
Barbara,1942893.5999999999
Iva,56921.80000000001
Louisa,19498.800000000003
Maria,646772.3999999999
Mayme,17768.7
Evelyn,745324.3999999999
Estelle,78870.70000000001
Nina,161720.19999999992
Betty,1468366.0000000005
Marion,288133.6999999999
Bettie,57264.0
Dorothy,1696235.8000000005
Luella,45110.700000000004
Inez,102940.2
Lela,59975.799999999996
Rosie,110780.0
Allie,53783.19999999998
Millie,34635.700000000004
Janie,99983.9
Cornelia,30568.49999999998
Victoria,554690.6
Ruby,490852.6000000001
Winifred,65864.59999999999
Alta,44031.100000000006
Celia,74200.50000000001
Christine,701356.5000000002
Beatrice,290937.00000000006
Birdie,18643.200000000008
Harriett,32111.30000000001
Mable,83107.59999999995
Myra,75108.30000000002
Sophie,120666.60000000002
Tillie,22067.600000000002
Isabel,139024.6
Sylvia,325559.69999999995
Carolyn,730020.2999999999
Isabelle,95931.50000000001
Leila,48627.59999999999
Sally,272488.9999999999
Ina,49690.80000000001
Essie,61320.49999999999
Bertie,21808.599999999995
Nell,40214.90000000001
Alberta,107168.60000000002
Katharine,53143.99999999999
Lora,62713.90000000001
Rena,50771.80000000001
Mina,13446.800000000001
Rhoda,35669.00000000001
Mathilda,10291.399999999998
Abbie,24770.499999999996
Eula,74360.29999999997
Dollie,29006.200000000004
Hettie,11091.899999999996
Eunice,117366.90000000001
Fanny,11170.299999999997
Ola,46079.9
Lenora,46000.59999999999
Adelaide,24898.699999999997
Christina,544359.4
Lelia,21283.5
Nelle,8540.2
Sue,193003.90000000002
Johanna,61636.1
Lilly,48818.100000000006
Lucinda,43507.9
Minerva,17791.699999999997
Lettie,12654.3
Roxie,24592.1
Cynthia,838641.5000000003
Helena,42915.600000000006
Hilda,120304.1
Hulda,8755.9
Bernice,277860.1000000001
Genevieve,150647.89999999997
Jean,656662.1000000001
Cordelia,9178.3
Marian,204645.29999999996
Francis,38377.399999999994
Jeanette,217976.69999999995
Adeline,57259.99999999998
Gussie,20538.699999999993
Leah,224168.90000000008
Lois,492351.70000000007
Lura,12517.500000000004
Mittie,9205.800000000003
Hallie,34157.90000000001
Isabella,247171.59999999998
Olga,87697.6
Phoebe,31274.299999999996
Teresa,478749.1000000001
Hester,21367.599999999995
Lida,6953.599999999999
Lina,10706.300000000001
Winnie,31714.200000000004
Claudia,158986.39999999994
Marguerite,141186.80000000005
Vera,201670.69999999998
Cecelia,75350.19999999998
Bess,9619.000000000002
Emilie,28892.799999999996
John,28417.6
Rosetta,37373.3
Verna,103779.20000000001
Myrtie,6661.3
Cecilia,112252.30000000003
Elva,44681.5
Olivia,388939.0
Ophelia,20903.90000000001
Georgie,16170.499999999996
Elnora,31470.499999999985
Violet,161905.9
Adele,49960.799999999996
Lily,118733.9
Linnie,11333.4
Loretta,239972.69999999998
Madge,20955.9
Polly,37185.9
Virgie,33560.799999999996
Eugenia,39298.100000000006
Lucile,55546.000000000015
Lucille,336262.89999999997
Mabelle,3583.3999999999996
Rosalie,88548.70000000001
Kittie,2000.8999999999999
Meta,7450.500000000002
Angie,69820.99999999999
Dessie,16271.999999999998
Georgiana,9693.0
Lila,73386.4
Regina,212370.79999999996
Selma,37679.0
Wilhelmina,16077.099999999999
Bridget,100228.4
Lilla,4201.2
Malinda,22720.599999999995
Vina,5880.0
Freda,62628.40000000001
Gertie,13235.300000000001
Jeannette,94840.00000000001
Louella,18095.3
Mandy,45620.4
Roberta,231906.69999999995
Cassie,55661.8
Corinne,60527.09999999999
Ivy,41181.09999999999
Melissa,827121.7000000001
Lyda,6074.300000000001
Naomi,180831.19999999998
Norma,395676.4
Bell,2959.8999999999996
Margie,151200.30000000002
Nona,22598.799999999996
Zella,16712.100000000002
Dovie,12680.3
Elvira,35040.49999999999
Erma,82950.50000000003
Irma,102421.79999999997
Leota,15723.299999999997
William,20300.099999999995
Artie,9393.400000000001
Blanch,9595.4
Charity,36564.499999999985
Janet,726560.7999999999
Lorena,55751.399999999994
Lucretia,12086.6
Orpha,8945.2
Alvina,13072.599999999997
Annette,205191.50000000003
Catharine,15751.699999999999
Elma,31327.7
Geneva,127179.1
Lee,78471.09999999998
Leora,12604.700000000003
Lona,13620.0
Miriam,138769.40000000005
Zora,7871.2
Linda,1861866.5000000005
Octavia,14086.699999999997
Sudie,5126.9
Zula,6290.6
Adella,5214.200000000001
Alpha,10084.900000000001
Frieda,38333.5
George,12101.000000000004
Joanna,116727.50000000004
Leonora,6757.6
Priscilla,149461.1
Tennie,2888.0999999999995
Angeline,44730.899999999994
Docia,868.1
Ettie,1709.8000000000002
Flossie,35097.8
Hanna,40364.3
Letha,27748.399999999998
Minta,654.0999999999999
Retta,1819.3000000000004
Rosella,21110.8
Adah,2531.1000000000004
Berta,7943.099999999999
Elisabeth,54553.7
Elise,65118.399999999994
Goldie,55179.40000000001
Leola,42377.500000000015
Margret,11356.499999999996
Adaline,2628.4999999999995
Floy,10122.7
Idella,8359.199999999999
Juanita,293950.1
Lenna,1938.0
Lucie,2639.9
Missouri,1447.7000000000005
Nola,26875.400000000005
Zoe,98344.9
Eda,4155.0
Isabell,16402.0
James,29291.699999999997
Julie,563730.5
Letitia,12317.0
Madeline,223465.80000000002
Malissa,6333.6
Mariah,114681.79999999999
Pattie,12365.699999999997
Vivian,264992.60000000003
Almeda,5838.300000000001
Aurelia,10112.400000000001
Claire,198368.7
Dolly,26676.2
Hazel,371280.80000000005
Jannie,19618.600000000002
Kathleen,909567.7
Kathrine,17944.600000000002
Lavinia,3744.6000000000004
Marietta,19031.600000000002
Melvina,6896.199999999999
Ona,9869.300000000001
Pinkie,4506.800000000001
Samantha,663722.1
Susanna,19258.400000000005
Chloe,179213.69999999998
Donnie,8800.699999999999
Elsa,32234.59999999999
Gladys,420994.3000000001
Matie,603.4000000000001
Pearle,4369.400000000001
Vesta,11376.800000000001
Vinnie,2646.8
Antoinette,104150.29999999999
Clementine,9030.000000000002
Edythe,20836.299999999996
Harriette,12349.199999999997
Libbie,1436.6
Lilian,11811.199999999999
Lue,8783.2
Lutie,691.1
Magdalena,20111.199999999993
Meda,1406.8
Rita,389676.8000000001
Tena,7262.900000000001
Zelma,25219.200000000004
Adelia,3985.9999999999995
Annetta,10501.199999999997
Antonia,40259.7
Dona,24852.300000000007
Elizebeth,3595.9999999999995
Georgianna,9916.099999999999
Gracie,78666.09999999999
Iona,15440.099999999999
Lessie,21036.8
Leta,15914.300000000003
Liza,13333.999999999996
Mertie,1663.6000000000006
Molly,180132.10000000003
Neva,27923.9
Oma,14458.1
Alida,1769.5999999999997
Alva,10405.400000000001
Cecile,28966.299999999996
Cleo,43700.799999999996
Donna,1040306.4
Ellie,32889.9
Ernestine,63023.1
Evie,8339.900000000001
Frankie,40836.40000000001
Helene,45193.30000000002
Minna,2149.5
Myrta,489.4
Prudence,4104.2
Queen,17316.0
Rilla,1823.6
Savannah,162600.19999999998
Tessie,11662.0
Tina,311933.1000000001
Agatha,9466.000000000002
America,9735.5
Anita,273850.60000000003
Arminta,274.6
Dorothea,49262.6
Ira,5509.900000000001
Luvenia,4354.699999999999
Marjorie,408170.30000000005
Maybelle,8613.7
Mellie,1714.6
Nan,13964.100000000002
Pearlie,26798.800000000003
Sidney,25249.399999999998
Velma,132306.10000000003
Clare,34131.1
Constance,185844.7999999999
Dixie,53043.700000000004
Ila,29577.899999999994
Iola,14137.700000000003
Jimmie,32516.800000000007
Louvenia,3852.9
Lucia,40612.10000000001
Ludie,3407.2999999999997
Luna,7800.799999999998
Metta,589.1
Patsy,164301.90000000002
Phebe,820.6999999999999
Sophronia,923.1000000000003
Adda,741.3999999999999
Avis,23713.000000000004
Betsy,56699.00000000001
Bonnie,424973.2
Cecil,11536.7
Cordie,2198.7999999999993
Emmaline,315.0
Ethelyn,6087.800000000002
Hortense,9240.099999999999
June,269117.79999999993
Louie,1963.4000000000003
Lovie,7000.2
Marcella,86144.1
Melinda,147106.80000000002
Mona,54450.2
Odessa,22508.799999999996
Veronica,258868.69999999998
Aimee,56320.39999999999
Annabel,9108.000000000002
Ava,171979.9
Bella,30693.100000000002
Carolina,47545.500000000015
Cathrine,7078.700000000001
Christena,892.8
Clyde,5552.000000000002
Dena,34749.59999999999
Dolores,306507.99999999994
Eleanore,25156.000000000007
Elmira,5057.4
Fay,46426.09999999999
Frank,4437.5
Jenny,104850.5
Kizzie,977.9999999999999
Lonnie,7568.799999999998
Loula,339.4
Magdalene,8228.8
Mettie,857.8
Mintie,402.90000000000003
Peggy,391251.4000000001
Reba,48571.099999999984
Serena,41459.30000000001
Vida,10836.599999999999
Zada,944.5999999999999
Abigail,342006.6
Celestine,11328.099999999997
Celina,11485.099999999999
Claudie,5120.400000000001
Clemmie,2472.399999999999
Connie,330296.1
Daisie,235.1
Deborah,893702.1000000001
Dessa,285.7
Easter,6504.800000000001
Eddie,22151.6
Emelia,2828.0
Emmie,4100.4
Imogene,41078.599999999984
India,23328.0
Jeanne,219416.90000000002
Joan,670628.9
Lenore,30804.899999999998
Liddie,876.5999999999999
Lotta,428.2
Mame,358.29999999999995
Nevada,700.3000000000001
Rachael,97885.59999999998
Sina,426.70000000000005
Willa,29896.8
Aline,18139.199999999997
Beryl,14297.3
Charles,14686.500000000002
Daisey,257.29999999999995
Dorcas,6423.199999999999
Edmonia,291.2
Effa,288.1
Eldora,5421.5
Eloise,61146.9
Emmer,2009.5
Era,7192.0
Gena,10230.9
Henry,4631.899999999999
Iris,93880.6
Izora,676.4
Lennie,5206.299999999999
Lissie,451.8
Mallie,2408.9999999999995
Malvina,1250.2
Mathilde,1217.8
Mazie,9140.8
Queenie,2670.0
Robert,25498.7
Rosina,4929.5
Salome,668.0999999999999
Theodora,9820.2
Therese,41637.70000000002
Vena,2296.1999999999994
Wanda,374501.79999999993
Wilda,18233.300000000007
Altha,4418.8
Anastasia,41164.50000000001
Besse,922.5
Bird,102.0
Birtie,537.5999999999999
Clarissa,43749.6
Claude,228.9
Delilah,21162.100000000006
Diana,429602.0
Emelie,174.6
Erna,13267.899999999996
Fern,55731.4
Florida,4327.499999999999
Frona,531.1
Hilma,4098.7
Joseph,10487.900000000001
Juliet,21692.600000000002
Leonie,620.9999999999999
Lugenia,44.0
Mammie,2200.5
Manda,1113.0
Manerva,20.0
Manie,274.09999999999997
Nella,3432.3000000000006
Paulina,16296.4
Philomena,11691.699999999999
Rae,25351.600000000002
Selina,17433.8
Sena,999.5999999999999
Theodosia,292.90000000000003
Tommie,22604.0
Una,9136.800000000001
Vernie,5190.1
Adela,9243.300000000001
Althea,19518.699999999997
Amalia,3937.6000000000013
Amber,438597.9
Angelina,137571.5
Annabelle,44431.0
Anner,376.09999999999997
Arie,822.6999999999999
Clarice,32805.79999999999
Corda,460.19999999999993
Corrie,5594.400000000001
Dell,756.5
Dellar,227.60000000000002
Donie,751.3999999999999
Doris,690476.2999999999
Elda,10274.700000000003
Elinor,26756.899999999998
Emeline,962.9999999999998
Emilia,18689.899999999998
Esta,5390.999999999998
Estell,5882.4000000000015
Etha,1411.5000000000002
Fred,768.5999999999999
Hope,97439.00000000001
Indiana,79.0
Ione,14203.499999999998
Jettie,4171.3
Johnnie,69397.1
Josiephine,206.9
Kitty,14282.400000000001
Lavina,6821.3
Leda,1248.8
Letta,219.6
Mahala,774.8000000000001
Marcia,170706.39999999997
Margarette,7458.899999999999
Maudie,18115.0
Maye,1869.5
Norah,6432.899999999999
Oda,1101.4
Patty,76342.79999999999
Paula,331536.89999999985
Permelia,84.7
Rosalia,2965.7
Roxanna,9502.600000000002
Sula,827.3000000000002
Vada,11463.499999999998
Winnifred,6163.800000000001
Adline,519.5
Almira,707.7
Alvena,703.9
Arizona,819.2999999999998
Becky,96315.09999999999
Bennie,13565.9
Bernadette,64439.19999999999
Camille,71448.90000000001
Cordia,947.5000000000001
Corine,18648.2
Dicie,554.6999999999999
Dove,176.2
Drusilla,443.5999999999999
Elena,68662.80000000002
Elenora,3995.3999999999996
Elmina,117.69999999999999
Ethyl,2750.4000000000005
Evalyn,6050.399999999999
Evelina,547.0000000000001
Faye,92053.59999999998
Huldah,734.8999999999997
Idell,4293.6
Inga,1813.7000000000003
Irena,146.8
Jewell,41504.9
Kattie,4510.2
Lavenia,140.89999999999998
Leslie,306510.4
Lovina,357.8
Lulie,74.0
Magnolia,6252.299999999999
Margeret,26.0
Margery,22341.000000000004
Media,62.0
Millicent,10493.199999999997
Nena,438.1
Ocie,5356.900000000001
Orilla,16.0
Osie,796.7
Pansy,15728.900000000003
Ray,6138.6
Rosia,3780.6999999999994
Rowena,12556.800000000005
Shirley,972123.3999999998
Tabitha,64753.200000000004
Thomas,7319.9
Verdie,2728.0
Walter,3255.5000000000005
Zetta,955.2
Zoa,152.0
Zona,5389.000000000002
Albertina,290.0
Albina,6805.900000000001
Alyce,21613.599999999995
Amie,19714.299999999996
Angela,726080.6
Annis,2990.2999999999997
Carol,1079503.2
Carra,66.0
Clarence,62.199999999999996
Clarinda,86.6
Delphia,5031.1
Dillie,303.8
Doshie,401.4
Drucilla,1269.7999999999997
Etna,287.9
Eugenie,1903.7999999999997
Eulalia,4254.800000000001
Eve,23446.499999999996
Felicia,102615.0
Florance,598.7
Fronie,545.4
Geraldine,301861.10000000003
Gina,164896.49999999994
Glenna,34238.7
Grayce,3546.899999999999
Hedwig,4423.6
Jessica,1244580.5999999999
Jossie,760.5
Katheryn,14572.900000000001
Katy,19830.600000000002
Lea,33802.69999999999
Leanna,24353.19999999999
Leitha,41.0
Leone,8868.5
Lidie,46.0
Loma,1602.3999999999999
Lular,407.99999999999994
Magdalen,2420.2000000000003
Maymie,716.9000000000002
Minervia,14.0
Muriel,82891.69999999998
Neppie,14.0
Olie,48.0
Onie,1638.1999999999998
Osa,394.00000000000006
Otelia,276.1
Paralee,446.49999999999994
Patience,6847.999999999999
Rella,233.9
Rillie,14.0
Rosanna,14809.0
Theo,3809.5999999999995
Tilda,1067.1999999999998
Tishie,74.8
Tressa,2861.0
Viva,3828.1000000000004
Yetta,5071.5
Zena,1399.9
Zola,8125.699999999999
Abby,62696.3
Aileen,41772.700000000004
Alba,1070.1000000000001
Alda,6139.400000000001
Alla,59.400000000000006
Alverta,2643.8999999999996
Ara,1441.2
Ardelia,275.09999999999997
Ardella,4115.1
Arrie,1026.5
Arvilla,3943.2000000000003
Augustine,3105.6
Aurora,41169.40000000001
Bama,149.79999999999998
Bena,38.0
Byrd,196.9
Calla,239.70000000000002
Camilla,16804.2
Carey,10630.400000000001
Carlotta,3435.9
Celestia,100.0
Cherry,10947.8
Cinda,3664.4000000000005
Classie,293.8
Claudine,12889.600000000002
Clemie,12.0
Clifford,855.4000000000002
Clyda,48.0
Creola,411.09999999999997
Debbie,211919.80000000002
Dee,16722.300000000003
Dinah,7667.2
Doshia,207.70000000000002
Ednah,28.0
Edyth,2163.8
Eleanora,6586.100000000001
Electa,481.8
Eola,90.9
Erie,725.6
Eudora,1329.7999999999997
Euphemia,113.2
Evalena,199.29999999999998
Evaline,215.79999999999998
Faith,140930.19999999998
Fidelia,41.0
Freddie,13943.100000000002
Golda,7481.700000000003
Harry,503.40000000000003
Helma,224.7
Hermine,660.4000000000001
Hessie,604.5
Ivah,588.3999999999999
Janette,37606.4
Jennette,163.60000000000002
Joella,108.8
Kathryne,3310.2000000000003
Lacy,18691.1
Lanie,106.9
Lauretta,13003.000000000002
Leana,141.0
Leatha,6439.299999999998
Leo,1118.1000000000001
Liller,24.0
Lillis,44.0
Louetta,212.6
Madie,3770.4
Mai,2736.9
Martina,18301.9
Maryann,76731.3
Melva,18857.500000000007
Mena,28.0
Mercedes,56571.899999999994
Merle,22079.800000000003
Mima,217.60000000000002
Minda,110.0
Monica,281210.3000000001
Nealie,265.90000000000003
Netta,121.0
Nolia,60.10000000000001
Nonie,553.8
Odelia,701.5000000000001
Ottilie,613.5
Phyllis,457374.0
Robbie,28188.600000000006
Sabina,2521.9
Sada,110.1
Sammie,8014.199999999999
Suzanne,262006.30000000002
Sybilla,12.0
Thea,1620.1
Tressie,6183.5999999999985
Vallie,3108.2999999999997
Venie,48.0
Viney,34.0
Wilhelmine,353.2
Winona,13205.800000000003
Zelda,15094.4
Zilpha,141.4
Adelle,2954.7999999999997
Adina,10.0
Adrienne,76891.39999999997
Albertine,1997.3999999999996
Alys,42.3
Ana,110233.99999999999
Araminta,24.0
Arthur,1835.4000000000003
Birtha,1274.8
Bulah,4146.5
Caddie,68.0
Celie,24.0
Charlotta,24.0
Clair,46.5
Concepcion,3135.7999999999997
Cordella,10.0
Corrine,24155.19999999999
Delila,207.00000000000003
Delphine,12760.2
Dosha,112.7
Edgar,10.0
Elaine,347027.3
Elisa,44982.4
Ellar,169.4
Elmire,10.0
Elvina,1940.7
Ena,1043.6000000000001
Estie,10.0
Etter,57.0
Fronnie,10.0
Genie,402.40000000000003
Georgina,14609.599999999995
Glenn,298.4
Gracia,30.0
Guadalupe,78265.4
Gwendolyn,146671.69999999995
Hassie,1418.8999999999999
Honora,260.7
Icy,754.8999999999999
Isa,602.5
Isadora,90.1
Jesse,9733.6
Jewel,51278.200000000004
Joe,14604.000000000002
Johannah,97.0
Juana,18837.399999999998
Judith,604098.9999999999
Judy,496516.29999999993
Junie,131.7
Lavonia,34.7
Lella,243.1
Lemma,39.099999999999994
Letty,410.5
Linna,36.0
Littie,104.5
Lollie,360.20000000000005
Lorene,57131.700000000004
Louis,1391.0
Love,104.9
Lovisa,10.0
Lucina,10.0
Lynn,215249.69999999998
Madora,20.0
Mahalia,20.0
Manervia,10.0
Manuela,9352.699999999999
Margarett,5603.099999999999
Margaretta,1580.2999999999995
Margarita,48045.200000000004
Marilla,60.7
Mignon,105.99999999999999
Mozella,204.8
Natalie,369484.99999999994
Nelia,204.0
Nolie,10.0
Omie,442.1
Opal,105525.69999999997
Ossie,3405.0
Ottie,1114.0999999999997
Ottilia,401.79999999999995
Parthenia,209.59999999999997
Penelope,28920.4
Pinkey,42.0
Pollie,672.2
Rennie,24.0
Reta,11822.299999999996
Roena,32.0
Rosalee,10222.9
Roseanna,1384.6999999999998
Ruthie,25458.300000000003
Sabra,528.3
Sannie,10.0
Selena,49783.700000000004
Sibyl,4424.1
Tella,10.0
Tempie,846.5
Tennessee,117.1
Teressa,4367.1
Texas,34.0
Theda,7878.999999999998
Thelma,350971.70000000007
Thursa,10.0
Ula,338.8
Vannie,159.70000000000002
Verona,4260.9
Vertie,752.7
Wilma,209233.6
Adell,7773.099999999999
Aggie,349.29999999999995
Alcie,24.0
Alfreda,14258.900000000001
Alicia,259238.2
Allene,11817.6
Almyra,8.0
Anastacia,30.799999999999997
Andrea,482702.6
Archie,8.0
Aria,5815.2
Arminda,90.0
Audrey,325980.7
Aura,274.79999999999995
Avie,177.2
Berdie,468.9
Buena,278.7
Calista,3333.8999999999996
Cammie,445.0
Cara,54837.0
Celesta,126.6
Celeste,65284.9
Chaney,24.0
Chanie,8.0
Charlie,12817.400000000001
Charlottie,36.0
Chrissie,8.0
Christene,3660.1000000000004
Christiana,6126.400000000001
Cleora,1465.6
Clora,959.6999999999999
Coralie,110.4
Dana,211903.5000000001
Dave,18.0
David,12816.8
Dayse,8.0
Dean,1209.2
Delfina,1373.4
Deliah,20.0
Delina,8.0
Delle,8.0
Dicy,46.0
Donia,48.0
Dulcie,431.50000000000006
Earl,896.9
Edward,3630.8
Edwina,18859.199999999997
Ela,57.900000000000006
Eleonora,173.7
Elta,765.6999999999999
Elvie,2683.6
Elza,26.0
Elzada,8.0
Emaline,111.7
Ester,16030.800000000001
Eulah,1839.8
Eulalie,203.0
Euna,2234.1000000000004
Lonie,1392.0
Zadie,438.5
Eveline,1757.5999999999997
Lelah,1204.9
Nanie,340.7
Petra,11591.499999999996
Glennie,1014.1999999999999
Juliette,19281.7
Mannie,125.5
Mercy,52.0
Miranda,124790.1
Nana,74.7
Zilpah,18.0
Almedia,30.0
Byrdie,88.9
Claribel,893.3999999999999
Coral,1734.1999999999998
Exie,2113.0
Justine,46760.3
Malissie,67.1
Myrtice,5767.2
Narcissus,56.0
Rosamond,3947.5000000000005
Theresia,536.6999999999999
Valeria,63975.6
Vessie,67.3
Victorine,50.0
Arabella,3445.3999999999996
Audie,2184.2000000000003
Carmen,164131.40000000008
Dottie,10712.1
Flo,1039.3
Fredericka,128.7
Gloria,556602.0999999999
Gusta,315.0
Icie,1231.0000000000002
Lillia,132.10000000000002
Lota,161.9
Nathalie,17033.300000000003
Nita,17560.799999999996
Ota,26.0
Ramona,83843.19999999998
Texie,103.4
Will,46.0
Zillah,52.0
Aida,7407.099999999999
Arra,36.0
Belva,11164.8
Biddie,98.9
Bula,251.49999999999997
Carry,172.9
Courtney,312075.9000000001
Crete,28.0
Dossie,24.0
Evangeline,19643.5
Flavia,32.0
Fleta,511.3
Fronia,174.6
Gillie,111.6
Jinnie,26.0
Jonnie,4950.299999999999
Karen,1175324.5000000005
Katharina,82.0
Mell,12.0
Mirtie,46.0
Mora,32.0
Ninnie,74.1
Odie,1351.7999999999997
Pink,12.0
Rettie,76.8
Rozella,2679.7999999999997
Sofia,77540.4
Sybil,25250.2
Sylvania,12.0
Tilla,42.0
Ursula,15670.0
Veda,10834.3
Zaida,44.0
Zenobia,976.7
Aletha,5520.900000000001
Andrew,1632.3999999999999
Ason,38.0
Bina,102.1
Chloie,10.0
Christie,48327.39999999999
Corean,182.2
Corinna,3204.8
Elodie,44.0
Epsie,34.0
Eugene,1154.5
Exa,70.8
Gail,257603.49999999997
Georgine,850.9000000000001
Gretta,137.0
Henriette,719.8999999999999
Jeffie,137.99999999999997
Jemima,131.7
Jo,235756.7
Johnie,6917.1
Josefa,3219.0000000000005
Juliana,52061.49999999999
Katharyn,61.9
Lannie,142.1
Lavada,4833.499999999999
Leonore,1386.8999999999999
Levina,38.0
Libby,14368.399999999996
Lilie,182.79999999999998
Louanna,27.099999999999998
Mabell,261.7
Madeleine,41656.30000000001
Marinda,56.0
Mila,2763.7999999999997
Neta,2595.1999999999994
Orlena,30.9
Ova,992.5999999999999
Ozella,1985.0
Ressie,1483.5
Rosena,125.5
Rosey,97.8
Senora,10.0
Siddie,10.0
Susana,20285.2
Susanne,29749.899999999998
Texanna,36.0
Tiney,10.0
Tinie,24.0
Tiny,692.5
Vernon,536.0999999999999
Achsah,8.0
Agness,36.0
Ala,8.0
Alabama,8.0
Alexina,18.0
Alfred,8.0
Altie,162.2
Ama,22.0
Amalie,20.0
Amelie,3428.7999999999997
Amey,8.0
Amma,22.0
Ammie,253.60000000000002
Anie,18.0
Annabell,4049.4
Arta,22.0
Attie,172.8
Audra,24092.6
Azzie,46.8
Carl,396.5
Cathryn,15732.6
Cena,20.0
Chester,8.0
Chestina,8.0
Clem,8.0
Crissie,8.0
Cyntha,20.0
Daisye,8.0
Dellia,26.0
Delta,1471.1
Dema,8.0
Dezzie,18.0
Dola,96.3
Dollye,8.0
Eithel,8.0
Elba,63.300000000000004
Elfrieda,1073.4
Elmer,723.8
Elna,5951.6
Emogene,6690.399999999999
Enola,1870.4
Verda,11765.800000000001
Gretchen,63186.399999999994
Hermina,1197.7000000000003
Nelly,90.0
Eller,94.6
Hetty,137.5
Luetta,872.9000000000001
Pennie,4505.8
Rosemary,209966.2
Beckie,621.9
Buna,185.4
Caldonia,85.6
Candace,97946.90000000001
Edla,38.0
Florrie,964.2000000000002
Jodie,26370.100000000006
Luisa,4800.9
Myrtis,8305.5
Trudie,1072.8000000000002
Agusta,32.0
Alphonsine,54.0
Cary,2755.6
Dellie,253.7
Delpha,1518.1000000000001
Gene,9163.799999999997
Joyce,692544.0000000001
Kathyrn,523.6
Loretto,541.3
Lucindy,14.0
Maybell,2314.8999999999996
Odile,393.80000000000007
Orah,95.89999999999999
Prudie,75.5
Rhea,12374.800000000001
Rinda,28.0
Rosy,82.0
Roxy,115.0
Sarrah,74.9
Susannah,1543.0
Tula,119.4
Alwina,24.0
Arah,12.0
Bernadine,31088.7
Capitola,117.4
Cathern,12.0
Columbia,31.0
Eileen,250338.59999999998
Elizbeth,12.0
Eura,931.8000000000002
Hennie,24.0
Henretta,395.8
Ivie,67.1
Jeanie,18603.4
Justina,8532.0
Leaner,52.7
Leonia,251.50000000000003
Lorraine,291024.99999999994
Lucetta,12.0
Macie,14588.3
Mahalie,12.0
Marry,142.0
Novella,6357.599999999999
Olevia,802.1000000000001
Phillis,1296.6999999999998
Philomene,83.6
Salina,4286.3
Sinda,12.0
Tinnie,193.69999999999996
Vashti,225.50000000000003
Vella,957.5999999999999
Verne,99.3
Veva,1061.9
Vicy,12.0
Zita,1433.6000000000001
Affie,10.0
Albert,711.9000000000001
Albertha,6684.799999999999
Anabel,2648.7999999999997
Artelia,10.0
Atha,322.20000000000005
Barbra,6930.900000000001
Beaulah,2636.2
Bertina,29.0
Birdella,10.0
Blossom,1252.7
Carmela,28747.40000000001
Carolyne,1126.7
Cilla,10.0
Denise,422807.5000000002
Dorthea,246.4
Eleonore,26.0
Fairy,2409.6000000000004
Fannye,10.0
Franc,20.0
Francina,10.0
Francisca,10768.3
Genevra,10.0
Helga,871.6
Iza,10.0
Jeanetta,1754.6000000000001
Jeannie,40194.400000000016
Jerusha,10.0
Laurie,181481.9
Lisette,6342.9
Loda,10.0
Lorenza,154.4
Luda,10.0
Lynda,94185.50000000001
Marget,22.0
Mariam,9481.599999999999
Modena,10.0
Nanna,10.0
Nelie,10.0
Olena,10.0
Laurel,50643.19999999998
Lelar,337.8
Matilde,192.0
Simona,18.0
Thora,1704.8999999999999
Angelita,10878.399999999998
Berenice,7541.700000000001
Dagmar,567.0
Dina,27482.400000000005
Ema,64.0
Florine,16470.399999999998
Loraine,22835.3
Maida,521.5
Missie,157.39999999999998
Arline,25116.3
Beatrix,14.0
Dorathea,14.0
Elenor,1187.1000000000001
Ellis,14.0
Gertha,716.5999999999999
Lesta,33.0
Orrie,38.7
Rebekah,82546.4
Rossie,1055.4999999999998
Almina,12.0
Arlena,359.6
Bee,32.0
Carlie,13301.3
Dot,77.0
Earlie,66.0
Elfie,34.0
Ermine,12.0
Francisquita,12.0
Georgeanna,26.0
Glendora,584.8000000000001
Leontine,501.90000000000003
Leva,295.29999999999995
Litha,26.0
Luberta,157.8
Marianna,13459.099999999999
Parlee,42.0
Pearla,12.0
Perry,12.0
Sister,210.89999999999998
Thresa,30.0
Tom,12.0
Alene,11078.9
Alverda,207.1
Antonette,4899.5
Argie,10.0
Arkie,26.0
Arletta,346.0
Arlie,1468.7000000000003
Bea,144.8
Bert,78.4
Bettye,32308.200000000008
Bobbie,114327.3
Cappie,10.0
Caro,10.0
Cloe,1568.1999999999998
Corene,4333.400000000001
Deetta,10.0
Elberta,981.6000000000001
Ether,227.4
Felicie,10.0
Frederica,184.3
Hellen,7862.300000000001
Icey,10.0
Ines,2914.6
Ivey,10.0
Junia,10.0
Laney,7189.2
Lassie,273.4
Lockie,187.9
Lossie,211.5
Lovey,10.0
Marianita,10.0
Mattye,10.0
Crystal,378132.9000000002
Rubie,5141.799999999999
Milly,20.0
Pluma,93.3
Ruie,34.0
Vira,337.1
Cleva,34.0
Gennie,322.1
Maxie,4725.1
Sadye,1459.9
Vennie,344.2
Zettie,587.3
Clevie,32.0
Delma,10554.0
Ferne,6615.3
Golden,1416.9
Maebelle,128.7
Maxine,160154.3999999999
Pearly,41.2
Roma,8088.799999999999
Savanah,9650.800000000001
Savilla,16.0
Valerie,289128.5000000001
Violetta,16.0
Adelina,3587.6999999999994
Alzina,14.0
Annice,14.0
Beda,142.7
Clarabelle,1096.4
Fleda,56.8
Garnet,9075.800000000001
Goldia,1878.4000000000005
Grover,26.0
Laila,20169.800000000003
Leala,14.0
Lilah,3824.2
Lyla,10825.3
Naoma,2423.7
Nealy,14.0
Olivine,14.0
Rutha,1950.4
Sussie,14.0
Theodocia,14.0
Tracy,259278.00000000003
Trinidad,2671.6
Vassie,337.2
Zina,2300.7
Arley,12.0
Aurore,402.49999999999994
Beth,180008.6
Channie,24.0
Dennie,12.0
Freida,13653.900000000001
Georganna,12.0
Izetta,559.8000000000001
Kathern,632.9
Lady,253.5
Lala,347.30000000000007
Leland,12.0
Lilia,4177.700000000001
Lurana,12.0
Mozelle,7369.599999999999
Norine,5557.1
Oney,12.0
Clotilde,58.0
Nova,4339.3
Myrna,41213.6
Medora,20.0
Valentine,108.39999999999999
Hildur,621.8
Imo,114.6
Joy,161031.90000000008
Ragna,65.5
Santos,1273.6000000000001
Vinie,40.8
Emmy,1214.3999999999999
Hildegarde,2740.7999999999997
Octa,16.0
Aurilla,14.0
Beula,507.0
Laverne,61753.80000000001
Lera,1942.6
Macy,27715.6
Margrett,38.0
Melina,13430.700000000003
Montie,156.29999999999998
Pheobe,32.0
Alvira,101.8
Clella,110.2
Cornie,34.0
Dorotha,6570.3
Dorthy,28598.600000000002
Dosia,12.0
Enid,10335.699999999999
Essa,12.0
Evelena,46.0
Genoveva,63.3
Greta,25031.599999999995
Ica,12.0
Ilma,12.0
Kay,128435.6
Lalla,30.0
Lana,53442.1
Leonor,2626.1
Lolla,12.0
Lorna,33968.7
Vergie,6266.3
Mossie,631.3
Manuelita,93.80000000000001
Oline,20.0
Floyd,61.0
Ima,9586.499999999998
Janey,1067.8999999999999
Villa,130.2
Billie,137148.1
Clytie,16.0
Ermina,16.0
Hertha,1392.5
Margaretha,130.6
Melanie,252557.59999999998
Metha,16.0
Patricia,2052765.9
Pricilla,16.0
Richard,9295.900000000001
Sigrid,749.2
Sydney,190807.69999999998
Thekla,83.39999999999999
Berniece,14826.499999999998
Betha,14.0
Florie,62.60000000000001
Hilah,14.0
Isla,2115.3999999999996
Judie,5321.3
Lethia,34.9
Lexie,11121.199999999997
Louisiana,14.0
Rubye,10065.800000000001
Silvia,18190.1
Zelpha,162.1
Alwilda,12.0
Angele,12.0
Verlie,1776.8000000000002
Zelia,148.39999999999998
Gay,23173.7
Gunda,58.8
Octavie,18.0
Orelia,18.0
Retha,14439.799999999996
Signe,1510.1000000000004
Anice,16.0
Carlota,35.0
Hollie,15279.800000000001
Lurline,1564.3
Luz,26446.800000000003
Opha,38.8
Ura,136.7
Vicie,108.39999999999999
Alwine,14.0
Carmelita,4059.8000000000006
Clemma,14.0
Dale,26637.699999999997
Elia,52.8
Eloisa,3711.2999999999997
Eppie,14.0
Ernest,58.599999999999994
Gustie,14.0
Hazle,2987.3
Ivory,1657.2999999999997
Lu,2817.0
Ebba,542.0999999999999
Margarete,1085.6999999999998
Myrle,2958.5999999999995
Nadine,65812.4
Pallie,24.0
Betsey,151.8
Cleta,4531.9000000000015
Filomena,6158.199999999999
Orra,20.0
Arlene,196790.30000000002
Margretta,18.0
Pairlee,18.0
Roy,643.4000000000001
Zana,343.0
Francies,16.0
Howard,105.60000000000001
Marjory,10624.0
Garnett,2972.1999999999994
Roxana,6380.999999999999
Cressie,42.8
Erla,20.0
Herma,20.0
Oliva,40.9
Rosalind,29886.999999999993
Chessie,18.0
Daphne,34803.200000000004
Lulah,18.0
Marvel,6465.599999999999
Monnie,643.3
Noemie,18.0
Elgie,16.0
Gregoria,581.3000000000001
Josefina,12190.300000000003
Fleeta,26.599999999999998
Jamie,302765.3
Madaline,3027.7
Hildred,3053.4
Sibbie,20.9
Verena,70.3
Bernardine,3082.7999999999993
Clemence,44.2
Forest,47.5
Forrest,47.8
Gerda,228.7
Hazelle,76.0
Nobie,49.6
Reva,18474.3
Vonnie,1766.6999999999998
Erin,356749.89999999985
Ethie,17.099999999999998
Jessye,17.099999999999998
Jetta,17.099999999999998
Myrl,1892.7
Signa,39.89999999999999
Bethel,4466.599999999999
Jule,370.8
Delcie,170.3
Hildegard,1289.9999999999998
Treva,11254.9
Violette,2931.199999999999
Sylva,19.0
Twila,13488.699999999997
Virgil,240.09999999999997
Concetta,18589.500000000004
Elzie,17.099999999999998
Gayle,77209.4
Idabelle,17.099999999999998
Lulla,17.099999999999998
Mira,3116.7
Nila,4288.9000000000015
Olar,17.099999999999998
Velva,5029.9
Yvonne,194953.5
Evia,84.0
Willia,3544.6000000000004
Dortha,9592.699999999999
Else,62.699999999999996
Freeda,3547.4
Versa,20.9
Ilah,121.0
Lester,74.80000000000001
Maurine,12365.100000000002
Odell,5430.900000000001
Vernice,8178.000000000001
Elmyra,22.799999999999997
Madelyn,75575.40000000001
Cannie,20.9
Carmella,22642.499999999993
Cliffie,20.9
Ever,42.5
Leafy,45.599999999999994
Olinda,45.599999999999994
Oral,43.699999999999996
Shellie,7990.599999999999
Virdie,67.0
Allena,19.0
Clotilda,19.0
Elida,4691.000000000001
Elvera,7128.599999999999
Fae,1818.6999999999996
Josefita,19.0
Lurena,19.0
Versie,2218.3
Vivien,2440.2
Melba,50132.299999999996
Alline,1426.8999999999999
Elfreda,24.7
Verla,8285.800000000001
Murl,22.799999999999997
Ouida,5867.400000000001
Flonnie,250.2
Palma,3496.6000000000004
Consuelo,19665.600000000002
Lorine,11303.100000000004
Venus,5078.7
Hasel,46.3
Lupe,23655.300000000007
Noma,742.4
Virgia,72.7
Alleen,22.799999999999997
Mavis,25564.800000000003
Nelda,26902.9
Trilby,22.799999999999997
Adel,20.9
Buelah,463.59999999999997
Dorris,10162.3
Milda,47.5
Stephanie,849646.0000000001
Velda,10097.8
Bernetta,557.5
Neoma,3749.9
Gaynell,3387.7
Laurette,1146.0
Coletta,893.9000000000001
Dewey,267.9
Zela,22.799999999999997
Zeta,22.799999999999997
Manila,262.2
Manilla,66.5
Cuba,81.69999999999999
Earline,23199.899999999998
Vlasta,518.8
Larue,4754.900000000001
Jacqueline,510640.00000000006
Onnie,132.8
Vara,26.599999999999998
Alena,8076.699999999999
Ilo,53.2
Imelda,2834.3
Ardis,8198.2
Delores,163591.99999999997
Irva,36.1
Gwen,31457.299999999992
Tomasa,2042.1000000000001
Veta,323.4
Berneice,4270.799999999999
Lempi,51.8
Eathel,116.5
Janice,528746.2000000002
Marybelle,978.0
Chrystal,13524.599999999999
Elvia,463.5
Ilene,20806.999999999996
Margarite,102.4
Marianne,78730.29999999999
Odette,58.8
Antonina,240.2
Delsie,107.29999999999998
Portia,7541.500000000001
Carmel,6356.0
Reatha,911.5000000000001
Aleen,176.2
Almeta,1193.5
Lilyan,1851.3
Jaunita,8874.9
Jerry,22318.299999999996
Luvinia,27.0
Alvera,2725.7000000000003
Allean,298.9
Dagny,23.400000000000002
Leoma,54.0
Oleta,7441.300000000001
Trula,680.3
Dannie,21.6
Ethyle,21.6
Ingeborg,48.6
Jeane,4184.099999999999
Laurine,1203.8
Lorean,111.20000000000002
Marge,4311.400000000001
Margueritte,307.3
Mozell,3811.3999999999996
Norene,5573.0
Oneta,618.3000000000001
Rene,20566.400000000005
Lolita,6573.800000000001
Elouise,12212.099999999999
Cathleen,32662.7
Bette,51037.70000000001
Lavon,6373.2
Earnestine,21776.800000000007
Florene,6023.799999999998
Laverna,3921.7
Rafaela,75.6
Germaine,8508.9
Thyra,136.8
Loyce,3654.3
Ozie,63.0
Cleda,142.39999999999998
Pearline,7668.500000000001
Ceola,1284.0
Lavera,1724.5000000000002
Marcelle,3532.2
Romaine,2779.5
Rosalyn,21180.500000000007
Augustina,23.400000000000002
Bonita,46448.399999999994
Dominga,3130.6
Girtha,23.400000000000002
Isobel,465.20000000000005
Anona,79.2
Jackie,106908.2
Syble,7522.7
Edris,28.8
Santa,2294.2
Theola,1345.9
Veola,461.4
Ceil,91.80000000000001
Madlyn,329.70000000000005
Vernia,27.0
Diane,645263.9
Ellamae,325.5
Irine,546.8
Linnea,2100.4
Madalyn,18058.800000000003
Roslyn,18101.799999999996
Edrie,203.40000000000003
Vincenza,3196.2
Yolanda,128464.30000000005
Edra,79.2
Orma,36.0
Ilda,34.2
Ardath,130.0
Renee,207954.60000000015
Astrid,1842.6999999999998
Beadie,28.8
Beverly,504187.60000000015
Doretha,10436.000000000002
Neola,28.8
Vela,28.8
Wava,384.3
Marilyn,503969.9999999998
Evelyne,3476.0
Dimple,1792.2999999999997
Annamae,3609.0999999999995
Elease,2878.5000000000005
Williemae,118.9
Rosaline,2130.4
Burnice,524.5
Charline,5783.3
Charlene,164136.59999999992
Joanne,273539.60000000003
Theta,34.2
Deloris,47016.99999999999
Maureen,176474.8
Rosabelle,32.4
Gilda,11825.600000000002
Herminia,1889.8
Afton,1339.8
Margurite,648.7
Otha,28.8
Clydie,27.0
Izola,178.4
Rosemarie,62591.90000000001
Arnetta,34.2
Gladyce,400.59999999999997
Floretta,117.4
Merna,1244.1
Nedra,6823.0999999999985
Clementina,30.6
Launa,30.6
Sonia,73514.40000000002
Aili,73.6
Gladis,278.6
Alease,273.5
Madonna,10596.400000000001
Azalee,34.2
Colleen,191324.3
Darlene,256236.90000000005
Macel,32.4
Cleola,30.6
Loree,44.199999999999996
Meredith,83343.10000000002
Stephania,964.9
Dallas,4295.0
Joann,201668.60000000003
Ozell,34.0
Antonetta,134.3
Arietta,32.3
Vivienne,2915.5000000000005
Elinore,2036.0
Benita,13608.100000000002
Glenda,137374.7
Earlene,18672.9
Arleen,13751.000000000002
Lavern,8017.000000000001
Ardell,2681.7000000000003
Blanchie,39.1
Vilma,2399.6
Erline,636.6
Felice,35.699999999999996
Pat,55602.50000000002
Georgette,14521.900000000001
Yvette,69349.0
Assunta,197.2
Helyn,485.59999999999997
Lavonne,21190.0
Audry,1729.1
Dorathy,1553.2
Stasia,1109.1
Vita,2179.3
Jayne,31249.09999999999
Maebell,45.9
Paul,3101.7
Mafalda,1611.3000000000002
Sandra,1089962.0999999996
Maurice,1236.3
Olympia,454.20000000000005
Masako,244.10000000000002
Stacia,5531.5
Domenica,631.2
Ingrid,26894.399999999994
Wynona,2810.9
Bernita,3743.7999999999997
Carole,148525.09999999998
Elenore,727.0
Waneta,2468.3999999999996
Esperanza,19233.8
Madelene,390.4
Roselyn,9202.600000000002
Kathlyn,2671.7999999999997
Ardith,7065.4
Venita,4622.5
Santina,887.3
Maryjane,10963.5
Harold,1871.2
Orene,64.6
Noreen,22749.300000000007
Terry,115411.99999999999
Antionette,5898.6
Margot,5527.900000000001
Vernell,8548.599999999999
Dawn,309593.5
Lahoma,85.0
Alexandra,264644.99999999994
Maryellen,13363.099999999999
Ruthe,1871.5
Cleone,76.5
Kathaleen,2023.2
Aldona,503.5
Janis,61641.19999999999
Christeen,1160.2
Dorine,1098.4
Caryl,6931.900000000001
Francine,41125.70000000001
Rosaria,85.0
Georgetta,1549.1000000000001
Olene,492.3
Sheila,281874.3
Georgene,4675.900000000001
Yoshiko,1120.6999999999998
Delora,408.3
Lavelle,93.5
Idamae,91.8
Carroll,5650.8
Michelina,88.39999999999999
Catalina,10413.8
Jack,1805.2999999999997
Raymond,989.4
Liberty,7463.000000000001
Victory,132.6
Beverley,16911.700000000004
Laurene,2237.8
Marilynn,14882.9
Jeraldine,4222.3
Marylou,14546.699999999999
Luverne,90.1
Cruz,1493.3000000000002
Jacquelyn,103813.50000000003
Oneida,201.5
Concha,895.6
Marina,39884.69999999999
Doreen,53646.299999999996
Haruko,100.3
Felipa,189.8
Socorro,5226.700000000001
Elois,1892.3000000000002
Toshiko,184.60000000000002
Carlene,15957.499999999998
Fumiko,277.3
Gearldine,5398.3
Mickey,6495.400000000001
Shirlee,6656.5
Erlene,1238.9
Merry,9899.899999999998
Clarine,297.6
Lorayne,198.4
Marlene,170096.80000000008
Billy,3983.1000000000004
Kiyoko,180.8
Elwanda,292.8
Elayne,2616.0
Darline,3244.2
Arlyne,107.2
Gerry,7806.500000000002
Marlys,11106.1
Mardell,1109.1999999999998
Willene,2584.6000000000004
Inell,1210.3
Venice,100.80000000000001
Ofelia,5723.399999999999
Toby,4067.300000000001
Peggie,8562.2
Beatriz,16126.4
Donald,3700.7999999999997
Rochelle,51745.09999999999
Leatrice,5615.7
Billye,3348.6
Bobby,9119.900000000003
Darleen,8845.900000000001
Hortencia,2059.4
Ethelene,641.4
Marylouise,190.40000000000003
Eris,526.4000000000001
Bettyjane,350.4
Penny,106568.90000000001
Dorene,8618.2
Toni,114335.60000000002
Lynette,45498.99999999999
Vonda,10865.8
Amparo,922.3000000000001
Bebe,184.3
Phylis,2369.2
Bettylou,761.4000000000001
Wanita,193.10000000000002
Marceline,1889.8000000000002
Vernelle,108.80000000000001
Ernestina,3005.0000000000005
Doloris,1328.5
Sharon,900164.9
Delois,9938.400000000001
Pamela,702743.0999999999
Nanette,18169.9
Ardelle,300.40000000000003
Natalia,52121.09999999999
Estela,2995.1000000000004
Sherry,264871.60000000003
Twyla,4443.0
Marlyn,4327.700000000001
Jacquelin,4822.1
Enriqueta,96.0
Brenda,729957.8
Patti,52232.700000000004
Bobbye,2875.2000000000007
Lorrayne,91.2
Janell,14863.1
Ladonna,23175.800000000003
Nada,1168.2
Carla,166703.69999999995
Kenneth,1488.3
Willodean,616.2
Evangelina,3138.8
Charleen,6181.400000000001
Coleen,11713.8
Shirlie,182.8
Illa,91.2
Ailene,89.60000000000001
Erlinda,3162.9000000000005
Lita,1317.8999999999999
Marilou,2045.0
Lawanda,11803.4
Charmaine,16897.999999999996
Cherie,32520.2
Sonya,66998.3
Raquel,54007.299999999996
Hortensia,209.60000000000002
Valencia,8004.599999999999
Jocelyn,104890.7
Kazuko,100.80000000000001
Joye,1332.1000000000001
Lidia,1062.9
Roseann,16748.199999999997
Earlean,1472.6999999999998
Jeannine,28297.100000000006
Romona,4020.0000000000005
Johnny,268.0
Jeanine,25397.399999999998
Joline,108.80000000000001
Felicitas,107.2
Melvin,99.2
Carma,1293.3999999999999
Marva,11781.7
Colette,16593.0
Sondra,32097.600000000002
Marilee,6870.200000000001
Jolene,29065.899999999998
Jovita,350.3
Dorla,904.7
Dianne,117901.49999999999
Margy,203.9
Velia,209.7
Carrol,3700.8999999999996
Arden,319.8
Margene,171.0
Beverlee,806.0999999999999
Maryanne,12487.000000000002
Ralph,94.4
Joycelyn,3394.2
Merlene,1561.1
Norman,88.0
Oralia,4231.200000000001
Sydell,88.0
Jill,228891.60000000003
Soledad,86.4
Nannette,5171.5
Ardeth,429.0
Armida,889.7
Marylin,2688.0000000000005
Sonja,41367.6
Laquita,4683.200000000001
Julianne,32745.6
Margo,23686.3
Claudette,22191.199999999993
Jan,65563.0
Arla,837.6999999999999
Charlsie,88.5
Marylyn,2464.0
Mitzi,11940.599999999999
Patrica,9139.0
Herlinda,1334.0
Trudy,28579.899999999998
Verdell,345.0
Eartha,1018.9000000000001
Joretta,496.5
Marsha,127421.89999999998
Verlene,588.0
Gerald,304.5
Lynne,73610.39999999998
Mariann,6431.2
Joetta,1315.6999999999998
Rosanne,15419.9
Belia,78.0
Janelle,56630.39999999998
Merilyn,1169.3999999999999
Ardyce,238.5
Cheryl,520427.09999999974
Rosita,3998.0
Celine,5803.000000000001
Carleen,5594.8
Carolee,3176.7999999999997
Dian,5371.799999999999
Dorthey,165.0
Robin,320836.7
Kathy,397157.10000000003
Kaye,14700.299999999994
Marita,2665.8
Thomasina,81.0
Jimmy,79.5
Marta,15252.5
Noel,10668.4
Thalia,10007.8
Nira,301.5
Sharlene,11219.6
Rheta,439.5
Jerrie,4514.2
Ginger,47504.99999999999
Jacklyn,16075.099999999997
Elissa,15918.200000000004
Paulette,53481.0
Monna,79.5
Joellen,3937.5
Lavona,226.5
Bonny,4787.1
Gale,23662.8
Luanne,9386.2
Saundra,20520.0
Luann,17382.1
Pearlene,364.5
Ronald,963.4999999999999
Nancie,1734.1999999999998
Shirlene,4691.5
Marcelina,81.0
Sherrill,7691.899999999999
Vicki,183004.99999999997
Karol,8441.8
Louann,4082.9
Debra,655454.2
Alison,120456.5
Marylee,1084.4
Sharron,19197.6
Cathy,199363.6
Darla,43429.7
Norita,366.0
Gaye,6310.400000000001
Jeri,24064.499999999996
Shelby,175764.89999999994
Sandy,77004.49999999999
Loris,168.0
Heather,585673.7000000001
Shirleyann,88.5
Carolynn,3021.2
Marla,40800.8
Evonne,2020.9999999999998
Darlyne,75.0
Vernetta,75.0
Rhonda,228159.40000000002
Shelba,2076.0
Shelva,917.0
Deanna,153900.8
Karla,99142.49999999999
Tanya,125621.29999999997
Annmarie,16476.7
Wendy,284776.80000000005
Ruthann,5114.8
Sherrie,38924.6
Carolann,3883.7999999999993
Evon,1069.9
Sheryl,90832.50000000001
Jacquline,5785.6
Karlene,1344.4
Glennis,172.5
Karin,29540.6
Marleen,2277.2999999999997
Roxanne,63009.799999999996
Harlene,396.0
Annamarie,5448.200000000001
Jacque,3206.6000000000004
Maralyn,171.0
Shari,42990.4
Holly,222525.39999999997
Larae,73.5
Gayla,11225.6
Deanne,14924.699999999999
Dianna,64046.9
Simone,24721.399999999998
Leilani,18861.1
Vickie,129258.40000000001
Diann,14333.699999999999
Karolyn,2750.7999999999997
Deann,8686.2
Noretta,97.5
Shelvia,177.0
Shelvie,94.5
Shelia,52593.6
Shannon,327234.30000000005
Rosario,5169.099999999999
Janyce,605.1
Lisa,1019629.4
Jonell,78.0
Marolyn,253.5
Mimi,3511.7
Noreta,78.0
Roseanne,5601.900000000001
Lorelei,5487.799999999999
Danielle,429175.9999999999
Vicky,58450.200000000004
Helaine,97.5
Maryjo,6082.300000000001
Deana,22160.7
Janine,34372.0
Michael,21862.699999999997
Ronda,35979.100000000006
Ronnie,4978.899999999999
Leanne,29826.399999999998
Michelle,880368.9000000003
Cindy,291643.4
Michele,243204.59999999998
Jennifer,1615481.4000000004
Judi,11449.199999999999
Karel,103.5
Karon,6423.7
Glynda,1644.5999999999997
Tamara,142381.90000000002
Suzann,2218.2
Fran,4872.9
Nanci,5073.1
April,260893.30000000002
Hedy,858.3999999999999
Shelley,78592.00000000001
Kristin,202808.80000000005
Mari,12807.1
Jannette,1478.2999999999997
Jerri,15681.8
Heidi,149922.89999999997
Lyn,6994.4
Dotty,76.5
Suellen,2709.1000000000004
Lonna,979.4999999999999
Kathie,16929.6
Ilona,701.4
Laraine,2437.4999999999995
Larry,1848.0
Susann,1505.4999999999998
Rona,3639.5
Sharen,3494.9999999999995
Lynnette,14484.1
Scarlett,15155.399999999998
Belinda,78109.30000000002
Pam,37280.9
Ruthanne,492.79999999999995
Jody,58910.700000000004
Juliann,3629.2
Sherron,1360.8
Donita,3467.2999999999997
Georgiann,555.8
Jerilyn,3738.4999999999995
Sharyn,6738.299999999999
Sherri,88966.30000000002
Suzan,8907.2
Nyla,8859.199999999999
Trina,30954.1
Judyth,189.0
Nikki,43681.99999999999
Sheri,63971.8
Jana,46299.399999999994
Adrianne,9911.8
Georgeann,702.8
Terri,161436.80000000005
Caren,8658.7
Kristine,91568.89999999997
Geri,6996.2
Jerilynn,305.2
Karan,2662.8
Lesley,37471.700000000004
Rosann,1283.8999999999999
Cheri,39314.2
Leann,24003.600000000002
Phyliss,75.6
Merrily,561.4
Melody,93182.19999999997
Kaaren,385.0
Cassandra,196388.79999999993
Aloma,350.0
Cathie,5941.899999999999
Sandi,9141.599999999999
Ronna,4185.2
Christy,104580.1
Karren,582.4
Jerrilyn,120.39999999999999
Sheron,1738.6000000000001
Michal,113.39999999999999
Pauletta,1102.8
Merrilee,208.59999999999997
Terrie,20916.800000000003
Tonya,124533.1
Sunny,2358.7999999999997
Karyn,12550.2
Chris,23707.9
Nicole,666847.9
Ginny,5517.200000000001
Charla,6728.0
Tana,8010.699999999999
Charolette,964.1
Alexis,396474.30000000005
Kerry,51495.69999999998
Marcy,21261.6
Cheryle,5753.200000000001
Kathi,10905.7
Karyl,455.0
Candy,28287.9
Luana,796.5999999999999
Sherryl,4057.2999999999997
Dennis,95.19999999999999
Marty,2357.5
Rozanne,95.19999999999999
Carlyn,93.8
Shelly,86854.5
Caron,1068.5
Suzette,14420.7
Dorinda,4001.2000000000003
Teri,46971.600000000006
Alana,53651.2
Danna,12062.900000000001
Maribeth,4254.8
Pamala,7422.700000000001
Rosalinda,12170.300000000001
Kim,194542.5
Andra,1491.6
Elyse,15747.9
Pamella,2284.5
Bobbi,23911.199999999997
Corliss,2013.7
Cheryll,2180.5
Graciela,15231.400000000001
Sherilyn,1058.2
Deirdre,16001.000000000002
Gary,414.4
Gerri,4210.799999999999
Glinda,1724.6999999999998
Mickie,1526.8999999999999
Marybeth,7425.7
Cherrie,1575.8000000000002
Kelly,513232.2
Lauren,556257.5
Laureen,6067.299999999999
Patrice,37106.40000000001
Aleta,3872.7999999999993
Candice,76739.40000000001
Kristina,153758.80000000005
Vickey,5824.5
Nicki,2873.3
Deena,11720.9
Janeen,4862.799999999999
Daryl,2212.0
Leigh,41417.799999999996
Meryl,1969.5
Bettina,3261.2999999999997
Robyn,66349.50000000001
Sharyl,352.2
Erica,267187.9000000001
Lani,892.8
Leslee,1432.2
Deidre,15162.399999999996
Katrina,113310.5
Kimberly,894208.9999999998
Kristi,81334.40000000001
Randy,3964.7999999999997
Cherryl,428.4
Unknown,8580.199999999999
Randi,31997.7
Dayle,382.4
Kristen,251634.89999999997
Lori,360174.2
Allison,311589.9
Jacalyn,3464.7000000000003
Starr,4122.999999999999
Kendra,103302.20000000003
Suzanna,4320.5
Debby,9896.8
Valarie,16681.0
Melodie,6819.200000000001
Annemarie,6930.299999999999
Michaele,145.6
Kris,12907.1
Trudi,409.4
Janna,13279.0
Sandie,375.79999999999995
Daria,3221.1
Tammy,341493.3
Vikki,6232.0
Ricki,936.8
Rachelle,35369.39999999999
Tonia,20808.500000000004
Marcie,14056.000000000002
Candis,2713.9
Shiela,2259.0
Regenia,793.5999999999999
Debora,30694.800000000003
Maura,19263.199999999997
Caryn,11752.199999999999
Hollis,1034.4
Kristie,39874.4
Lizabeth,2517.2999999999997
Regena,118.99999999999999
Denice,9308.099999999999
Drema,766.9000000000001
Shawn,32741.8
Shirleen,114.8
Cathey,1563.3000000000002
Cristina,57262.9
Lyndia,110.6
Fonda,1444.0
Renae,12116.3
Blanca,26628.999999999993
Kathlene,629.9000000000001
Loreen,883.9
Shauna,29419.6
Sharman,384.4
Valorie,5435.0
Sanjuanita,822.9000000000001
Adrian,12434.699999999997
Bethany,110248.99999999999
Christa,34578.29999999999
Sanjuana,266.6
Candyce,384.8
Lorrie,16926.9
Tara,192506.4999999999
Pamelia,258.5
Darcy,19511.600000000002
Hilary,24056.699999999997
Kristy,74572.89999999997
Collette,3204.8
Roxann,6906.6
Stacy,172296.1
Lindsay,151935.69999999998
Lindy,4377.2
Debrah,3798.6
Mindy,43471.59999999999
Krista,82767.59999999999
Leticia,45573.80000000001
Kyle,6398.4000000000015
Terese,4305.0
Mara,20120.899999999998
Nicolette,15287.099999999997
Vanessa,287494.7
Merrie,538.2
Debbra,3253.1
Jenifer,26633.100000000006
Lourdes,12128.499999999998
Stacey,155601.30000000005
Geralyn,4363.5
Jaclyn,54217.799999999996
Tracey,88479.09999999999
Sharleen,172.9
Lorie,20995.9
Allyson,52692.8
Angelia,19427.600000000002
Jann,941.2
Joleen,2433.3
Christi,20475.699999999997
Esmeralda,47340.6
Teena,4034.9
Gwenda,393.9
Allyn,115.7
Rhona,115.7
Zandra,496.6
Pandora,171.6
Jodi,81915.20000000003
Kimberley,37854.99999999999
Megan,529721.3
Lauri,10358.3
Paige,152803.1
Brinda,128.70000000000002
Deborrah,379.6
Joette,596.7
Lise,1573.8
Jacqulyn,123.5
Milagros,4115.3
Marlena,7881.399999999999
Roxane,4098.4
Ellyn,117.0
Debera,115.7
Joni,29053.299999999996
Robbin,7787.700000000001
Cindi,6166.200000000001
Tricia,40415.00000000001
Brooke,212957.19999999998
Doretta,141.70000000000002
Lorri,7694.6
Danette,9267.9
Marci,12485.1
Alisa,35214.0
Kari,62421.4
Lesa,10587.3
Francesca,28002.699999999997
Lanette,2307.2
Sharla,4021.6000000000004
Kimberlee,16801.7
Sheree,14081.3
Sabrina,153623.59999999998
Valinda,176.8
Sherie,3154.6000000000004
Joanie,2410.1000000000004
Starla,4660.3
Merri,1685.4
Kerri,38258.79999999999
Leeann,12033.599999999999
Vernita,552.3
Cherri,2370.8
Renita,5499.099999999999
Bambi,3917.0
Janel,9624.0
Desiree,94989.5
Denese,127.4
Roni,999.4
Sheilah,257.40000000000003
Athena,21018.800000000003
Jeryl,201.5
Danita,6042.4
Gisele,1053.0
Sherree,559.0
Debi,3283.8
Kandy,3446.6000000000004
Felecia,8827.0
Migdalia,2579.8
Dayna,13265.9
Debbi,2215.8
Debroah,154.70000000000002
Jaye,547.3000000000001
Monique,88027.40000000004
Tami,38610.0
Taryn,27145.2
Lorinda,2369.5
Moira,1190.4
Melodee,131.3
Sheryll,131.3
Trena,3332.5
Noemi,18944.499999999996
Leesa,2486.2
Marisa,56408.50000000001
Dawna,3600.7
Kelley,47920.30000000001
Tracie,32059.100000000002
Dani,546.0
Sheena,23033.199999999993
Dara,9725.300000000001
Kelli,81320.09999999999
Shawna,48693.80000000001
Barb,3654.3
Kathey,165.1
Kellie,54145.89999999999
Angel,102738.79999999999
Wendi,12913.499999999998
Gaylene,153.4
Liz,5410.3
Jeanna,6842.300000000001
Kara,109004.80000000002
Leisa,4056.5
Chandra,16706.7
Dori,3091.2
Jami,21844.899999999998
Meg,1811.0
Maritza,24759.499999999996
Stacie,39526.8
Glynis,916.1
Juli,4489.0
Babette,888.8
Tammie,35524.0
Tamera,11828.200000000003
Tamra,12174.099999999999
Traci,52711.0
Tammi,13301.6
Deb,1182.2
Tamela,5981.8
Cyndi,1638.1
Gabrielle,150598.1
Cathi,1034.6
Erika,142588.49999999994
Candi,6233.599999999999
Jacki,1063.2
Keri,33158.200000000004
Nilda,150.8
Sarita,475.9
Tia,36855.600000000006
Kirsten,60819.799999999996
Bridgette,22814.5
Tamie,1943.5
Brigitte,4719.199999999999
Suzy,1697.4
Tambra,165.1
Missy,3684.7
Gigi,1946.5
Perri,154.70000000000002
Karrie,8141.8
Lissa,389.8
Lanita,148.20000000000002
Mark,1795.4
Suzie,1026.5
Bev,425.1
Val,143.0
Alyson,28940.899999999998
Tresa,2670.9
Kandi,3710.0
Bridgett,11244.2
Cari,11266.8
Tori,40153.0
Edie,1159.3
Alesia,3548.6000000000004
Ivette,6626.599999999999
Jaime,52528.799999999996
Kerrie,7044.999999999999
Renea,1533.4
Angelica,101631.90000000001
Liane,283.20000000000005
Shelli,5267.9
Lesia,2252.6
Penni,1074.3
Tonja,5605.3
Keely,12413.9
Melisa,17640.800000000003
Tari,153.4
Deedee,1706.5
Kayla,404096.4999999999
Lisha,778
Misty,88873.60000000002
Deidra,8975.300000000001
Leisha,519
Elana,254
Adriana,90814.6
Loriann,2065
Tania,30348.999999999996
Dedra,2345
Evette,2526
Latanya,8469.0
Fawn,2615.5999999999995
Risa,618
Krystal,87035.39999999997
Deeann,752
Johnna,6164.999999999999
Velvet,852
Corina,12519.599999999997
Jeana,5018.8
Angelique,27252.699999999997
Marnita,346
Jonna,1528
Machelle,1623
Maribel,25633.1
Barbie,1167
Loria,250
Gwyn,254
Shanna,28140.200000000008
Monika,8302.7
Trisha,40430.9
Anthony,3875.6000000000004
Alecia,9996.8
Janene,501
Latonya,21531.6
Troy,119
Staci,25868.100000000002
Whitney,112839.99999999999
Tiffany,389550.3
Stefanie,38621.2
Melonie,2182
Marisol,35548.79999999999
Aretha,2631
Marti,760
Darci,3968.0
Adriene,243
Dawne,242
Charisse,2025
Shirl,362
Hillary,30670.000000000004
Lesli,929
Jena,12359.100000000002
Brigette,1903
Tamala,1237
Shana,30370.49999999999
Delisa,909
Jayme,11640.000000000002
Maricela,10969.0
Alyssa,356314.0999999999
Michell,3584.6
Tonda,500
Kevin,1576.8
Richelle,6068.399999999999
Jeanmarie,120
Marissa,143578.9
Melony,221
Deneen,2542
Mia,150609.4
Kecia,1816
Djuna,198
Djuana,190
Ashley,1022471.3000000002
Noelle,28476.9
Renata,1368.8
Tessa,45008.200000000004
Anjanette,1477
Denine,133
Daneen,132
Holli,6329.9
Linette,932
Kimberli,1148
Christal,6267.799999999999
Shaun,602
Alisha,63075.39999999999
Kendall,51286.299999999996
Elaina,16535.7
Karri,2144
Delinda,230
Tyra,13426.499999999998
Loren,9935.0
Tawana,4683.6
Marnie,3788
Dionne,7403.0
Kimberlie,799
Gabriela,85299.90000000001
Casandra,15762.499999999996
Marni,1801
Tangela,1655
Kimberely,607
Shanda,6421.000000000001
Demetria,7897.999999999999
Lavonda,243
Natasha,107775.6
Mechelle,2107
Shonda,6235.599999999999
Yolonda,1674
Brigid,225
Julianna,35879.5
Carin,1598
Keli,1258.2
Gia,5958.0
Latricia,2973.8
Lizette,11125.499999999998
Cristine,450
Timothy,634
Bethann,226
Tabatha,20006.6
Joelle,10859.300000000001
Lara,26247.3
Sonji,225
Tamatha,2096
Tasha,37851.5
Tatia,211
Gidget,315
Latonia,3576
Brandi,115589.8
Lashawn,5018.0
Nichole,70553.1
Alissa,42323.79999999999
Demetra,371
Joell,236
Inger,118
Caprice,116
Dominique,60569.100000000006
Denita,113
Mellissa,3896.8
Lia,10179.7
Catrina,8461.199999999999
Milissa,1098
Sunday,109
Christian,20731.999999999996
Meghan,113476.7
Andria,6420.099999999999
Christopher,7860.400000000001
Nichelle,1456
Marlo,3747
Cami,638
Anissa,10345.700000000003
Josette,1830
Lissette,4815.4
Adriane,3495.4000000000005
Windy,3124
Kami,4977.2
Buffy,2652
Brandy,117595.10000000002
Karie,2755.6
Keisha,22326.700000000004
Wende,139
Tawnya,3038.4
Danelle,4845.599999999999
Misti,7002.400000000001
Tisha,7433.2
Larissa,24813.600000000002
Darcie,2246.2
Jeffrey,367
Mayra,37078.70000000001
Sebrina,255
Casey,88557.1
Ericka,24278.8
Towanda,374
Michaela,55201.69999999999
Cristy,5636.799999999999
Cherise,965.4
Tanja,518
Carie,2284
Steven,595
Carri,1641
Tiffani,15821.599999999997
Coretta,675
Tamiko,2022
Tamika,23114.6
Chantel,15858.300000000003
Shannan,3161.8
Kristal,10098.500000000002
Davina,3210.9999999999995
Shanon,2977.4
Kirstin,7678.1
Latrice,8446.700000000003
Joey,2221
Jolie,7085.400000000001
Cristi,981
Cori,9349.499999999998
Kenya,24726.7
Araceli,18725.899999999998
Stephenie,2927.6
Melissia,121
Chantal,5575.699999999999
Corrina,990.0
Gillian,16129.199999999999
Rolanda,954
Nicola,972
Kellee,646
Shani,1298
Chanda,4018.6
Cinnamon,201
Chelsea,190741.89999999997
Ami,4703.4
Racquel,1193.0
Nicolle,1511
Autumn,114085.80000000002
Kisha,5223.400000000001
Latasha,32262.399999999998
Shonna,1105
Christin,10677.5
Latisha,18927.8
Corey,8065.500000000001
Dione,567
Jada,70387.9
Kyra,36694.1
Mindi,2330
Brian,2250.7999999999997
Shona,288
Eric,2305.6
Mellisa,2627.6
Christen,10525.2
Alexandria,109072.2
Sharonda,4769.599999999999
Julissa,22350.7
Britt,532
Scott,253
Karina,66112.4
Kira,34306.0
Tawanda,2623.6
Marisela,7856.400000000001
Terra,12672.2
Lashonda,8776.199999999999
Tera,7718.5
Toya,1690
Carissa,31872.400000000005
Stefani,3235.2999999999997
Kasey,36878.600000000006
Kesha,3313.6
Tisa,144
Maya,79619.4
Angella,551
Tiffanie,8671.1
Raina,5903.8
Trista,11871.1
Crista,788.2
Kristan,2842.2000000000003
Tawanna,1725
Niki,3218.5999999999995
Serina,411.2
Shay,411
Shawnda,823
Tosha,6101.900000000001
Christel,1426
Tracee,857
Dyan,128
Tanisha,19608.299999999996
Chantelle,5171.9
Elisha,11430.7
Stephany,13106.499999999998
Treena,126
Yesenia,46034.700000000004
Candida,1002
Tarsha,1230
Tameka,12387.800000000001
Ayanna,13859.9
Jenni,2632.8
Brandie,15996.8
Shantel,9935.699999999999
Ebony,44410.8
Shayla,33265.4
Kia,6671.9
Alysia,6983.5
Jason,4235.8
Summer,78546.09999999999
Jenna,170665.3
Brittany,444638.2000000001
Latoya,50343.1
Cristal,16793.699999999997
Shanta,3901.4000000000005
Shalonda,3187.0
Angelic,658
Brenna,30910.299999999996
Alycia,8022.1
Damaris,9227.5
Consuela,277
Lashanda,3610.7999999999997
Adria,1517.8
Shea,9877.699999999999
Lasonya,252
Shara,2439.6
Katina,8323.2
Catina,3267
Cher,536
Lakisha,11894.000000000002
Chastity,8131.1
Nikole,4902.700000000001
Contina,333
Chiquita,4567.9
Shane,581
Chasity,26892.899999999994
Nichol,992
Brandee,3174.6000000000004
Camisha,165
Lakesha,7682.400000000001
Anika,10692.300000000001
Cherilyn,291
Alejandra,54829.100000000006
Lakeisha,12719.699999999999
Latosha,5929.200000000001
Keena,152
Sasha,36454.700000000004
Nikita,8536.5
Cory,4426.4
Cristin,1962.0
Dusty,2122.8
Rocio,12809.6
Tomika,1795
Tomeka,2639.0
Racheal,8599.0
Griselda,6417.8
Daniel,4324.6
Kenyatta,1334
Keesha,721
Brook,9095.100000000002
Liliana,41176.4
Stephaine,679.8
Bree,3181.2000000000003
Latrina,784
Felisha,4282.9
Layla,39789.0
Celena,959.6
Jenniffer,246
Rebeca,10777.900000000001
Sherita,2274.6000000000004
Kori,8115.600000000001
Matthew,3786.600000000001
Alethea,523
Carly,70635.29999999999
Aisha,20091.5
Cicely,468
Anitra,2367
Bianca,81052.9
Vonetta,287
Latarsha,932
Nyree,295
Alexa,113596.9
Jasmine,286143.5
Fatima,28810.9
Keshia,4090.8999999999996
Daniela,59109.09999999999
Aubrey,65466.899999999994
Danyelle,3337.9
Mendy,906
Charissa,1839.2
Shantell,2886.1000000000004
Marquita,8551.2
Briana,110415.0
Chanel,15568.399999999998
Danyell,269
Daniella,24573.7
Nakia,6292.0
Sunshine,2124.8
Lindsey,186954.3
Nia,19436.499999999996
Nikia,1674.2
Regan,14958.2
Jamila,5330.9
Tanika,2871.2
Brande,174
Cortney,18922.5
Meagan,49650.6
Jasmin,51706.1
Maranda,11544.300000000003
Lakeshia,4405.0
Kyla,39156.00000000001
Syreeta,1339.1999999999998
Luciana,2770.6
Tobi,286
Alanna,19605.900000000005
Mistie,415
Tamica,936
Carisa,1038
Cherish,4456.6
Cecily,1749.2
Haley,189037.2
Mandi,8423.6
Ryan,22652.9
Trinity,70866.4
Daniele,381
Mirna,122
Tamisha,122
Tanesha,4804.900000000001
Danyel,247
Gabriella,94724.90000000001
Lacey,55475.9
Tiana,26643.399999999998
Mandie,683
Harmony,13135.499999999996
Shameka,5597.499999999999
Spring,943
Destiny,168981.59999999998
Nakisha,1284.8
Tamekia,605
Ayana,8648.6
Jade,78116.8
Rashida,1197
Yadira,13990.600000000002
Alesha,6095.2
Kacey,8817.400000000001
Shawanda,1181.2
Shamika,4612.9
Takisha,861
Reagan,33592.6
Pepper,132
Kandice,4145.400000000001
Alina,21468.699999999997
Meggan,847.0
Aaron,1465.4
Farrah,3489.7999999999997
Tennille,1335
Nadia,40242.7
Jaimie,8383.5
Rhiannon,15538.099999999999
Jillian,91854.0
Jammie,1311.6
January,842
Khalilah,513
Janae,17133.3
Jaimee,1089.1000000000001
Farah,340
Chana,5606.099999999999
Mackenzie,127702.30000000002
Sommer,2506.3999999999996
Shayna,17408.7
Shasta,2358.7999999999997
Torrie,303
Carina,15687.300000000001
Ashlee,52642.799999999996
Chaka,147
Jamey,146
Trish,686
Rayna,4956.6
Tory,324
Morgan,247370.30000000005
Brianna,289898.4
Eboni,5753.699999999999
Kenisha,1658.7
Caitlin,135845.1
Latoria,952.6
Torie,131
Venessa,2787.1999999999994
Shanika,5260.299999999999
Shandra,127
Kizzy,1840
Devon,20608.0
Raven,43712.19999999998
Qiana,1350.6
Talia,23487.900000000005
Hayley,55872.6
Shawnte,207
Shante,5079.9
Salena,444.1
Liana,10584.7
Quiana,2043.0
Kamilah,172
Shalon,168
Latesha,718.5999999999999
Iesha,7124.8
Brittney,100773.8
Danica,10973.1
Jenelle,2670.0
Yasmin,19831.899999999998
Lashunda,297
Malia,15156.6
Adrianna,43391.00000000001
Tarah,2966.7999999999993
Tenisha,1751.3999999999999
Kelsey,177115.00000000003
Shawnna,144
Chante,562.9000000000001
Karissa,21805.800000000003
Corie,142
Jeremy,139
Chrissy,1600.4
Kylie,101860.20000000003
Aja,6280.600000000002
Devin,18457.1
Meghann,2735.4
Crissy,697
Kiley,18858.100000000002
Meaghan,15168.000000000002
Shavon,2053.0
Brianne,22586.399999999998
Krissy,540
Jordan,157524.8
Shavonne,1237.3999999999999
Lacie,8623.5
Shanita,1528.4
Desirae,13829.300000000001
Abbey,18992.5
Lyndsey,15689.9
Shaunna,339
Marlana,313
Ariane,164
Kylee,44197.90000000001
Ariel,67134.0
Cody,3190.7
Sierra,115780.09999999999
Leia,1981.1999999999998
Natosha,1084.0
Ariana,83252.59999999999
Somer,152
Ashleigh,38354.70000000001
Star,1024.0
Alaina,31242.2
Micah,11291.2
Casie,2840.0
Kindra,144
Joshua,3383.0
Precious,20327.899999999998
Kiana,26021.600000000002
Winter,378
Viviana,18788.6
Breanne,10339.2
Siobhan,2333.6
Maren,2068.7999999999997
Kylene,354
Breanna,100114.9
Ashanti,11309.099999999999
Asia,36673.8
Lyndsay,5755.6
Sharee,159
Kacy,1566.3999999999999
Princess,10779.9
Ayesha,324.6
Rikki,4943.5
Taylor,377231.3
Lynsey,3000.8999999999996
Quinn,7923.2
Shaneka,518.0
Linsey,2745.0
Loni,1528.4
Perla,18908.200000000004
Kristyn,6862.800000000001
Anya,11055.599999999999
Mariana,32714.2
Renada,240
Kacie,11730.199999999999
Britney,41634.299999999996
Cheyenne,77457.79999999999
Reyna,13041.7
Blair,10178.200000000003
Chimere,343.4
Kaci,7843.400000000001
Justin,2438.6
Brynn,13489.6
Laci,8172.599999999999
Tai,160
Ashlie,9644.1
Jessi,4266.599999999999
Cameron,27809.700000000004
Tatiana,36469.899999999994
Kati,3138.7000000000003
Krystle,14774.7
Tierra,16402.2
Tiara,27535.600000000002
Fallon,5664.7
Brandon,2193.5999999999995
Evita,253.2
Kaitlin,71111.09999999999
Martine,244.79999999999998
Kassandra,35626.9
Jesica,2611.8999999999996
Alexia,43443.2
Toccara,837.6
Latoyia,200.4
Tashina,200.4
Chaya,8916.9
Joi,196.79999999999998
Cassidy,60294.49999999999
Jonathan,1457.9999999999998
Katelyn,153016.50000000003
Kandace,3209.7999999999997
Shanell,1349.2
Kourtney,12191.5
Nereida,178.79999999999998
Jazmin,44662.1
Chelsey,36937.2
Kaleena,733.2
Kala,6493.899999999999
Kassie,3891.0999999999995
Jenilee,230.39999999999998
Emilee,23014.6
Cassondra,2662.7
Shaina,11140.500000000002
Shakira,6883.2
Ciara,38828.799999999996
Hailey,157879.89999999997
Kali,19983.799999999996
Shena,624.0
Falon,612.0
Tawny,1034.4
Arielle,22316.4
Ashly,12356.6
Chelsie,14176.500000000004
Tenika,188.4
Sharita,578.4
Cristen,182.4
Tabetha,1081.2
Tristan,2891.2999999999997
Krysta,5279.500000000001
Carley,17356.899999999994
Arianna,69809.0
Mallory,59435.7
Kaitlyn,194026.50000000003
Ciji,472.8
Ashely,5413.6
Kirby,1180.8
Giselle,37286.5
Tess,13287.299999999997
Maegan,8696.2
Echo,435.6
Stevie,5865.7
Dwan,207.6
Britni,3846.9000000000005
Ashli,4252.6
Paola,23683.9
Ashlea,1050.0
Caitlyn,61364.1
Bailey,97204.2
Tyesha,2769.5
Maira,3505.5999999999995
Brittani,13283.199999999997
Tasia,1225.3
Santana,1956.8000000000002
Grisel,244.79999999999998
Kristian,4800.599999999999
Kaylee,115506.29999999997
Tyler,17869.500000000004
Shenna,213.6
Teela,210.0
Savanna,32244.599999999995
Breann,4657.3
Mckenzie,53273.0
Janessa,11846.699999999999
Kasandra,7938.400000000001
Markita,375.6
Karly,9365.199999999997
Magen,1683.1
Dannielle,821.9999999999999
Nicholas,561.6
Cierra,33764.2
Sade,8964.5
Krystina,3267.4
Micaela,10677.8
Domonique,4618.2
Dominque,2947.1000000000004
Madison,393787.0
Ciera,12983.4
Brittni,6333.2
Kayleigh,28243.500000000004
Britany,4676.400000000001
Paris,22763.699999999997
Alyse,2474.5
Deandra,743.5
Brittny,2409.4
Kaley,14054.700000000003
Alysha,8269.4
Jazmine,38210.00000000001
Shaquita,422.4
Krysten,1852.6
Brittanie,4578.0
Krystin,1368.0
Magan,1016.4
Katelin,9749.1
Violeta,192.0
Ali,6787.299999999999
Kasie,1667.3999999999996
Jessika,4625.2
Kelsie,21031.800000000003
Mariel,2562.9999999999995
Shira,186.0
Jaqueline,14450.3
Amberly,841.4
Samatha,1522.1
Ashton,20715.0
Eliana,18399.0
Halley,398.4
Kaleigh,17123.0
Nakita,588.0
Phylicia,1868.0
Alexander,2004.2000000000003
Brittaney,2617.6
Katlyn,22394.399999999998
Shardae,240.0
Jerrica,3553.7999999999997
Porsha,2776.2000000000003
Britta,229.2
Sharde,228.0
Cherrelle,225.6
Katelynn,33398.9
Mallorie,476.4
Cherelle,440.4
Malorie,477.59999999999997
Sable,216.0
Kaila,14925.8
Brett,210.0
Ashlyn,46409.799999999996
Shanae,2249.5
Sharday,204.0
Fabiola,6689.600000000001
Diamond,38674.00000000001
Eden,20095.899999999998
Iliana,8249.7
Kyrie,196.79999999999998
Leandra,3041.2999999999997
Shatara,190.79999999999998
Kortney,3731.5
Janay,3769.9
Channing,396.0
Ayla,12009.499999999996
Cayla,10770.399999999998
Yessenia,6001.8
Skye,15218.200000000003
Kelsi,8895.599999999999
Alex,6668.5
Jerica,2293.9
Tiera,2726.7000000000003
Jesenia,476.7
Kaela,5509.6
Karli,10228.600000000002
Porsche,424.79999999999995
Kalyn,5755.5
Chanelle,1485.7
Lakendra,415.2
Lauryn,19350.199999999997
Alessandra,12349.099999999999
Kaycee,3468.100000000001
Kailey,26259.5
Denisse,2201.1
Jessenia,1771.3000000000002
Anjelica,2615.7000000000003
Sarai,13735.5
Gabriel,4322.4
Tianna,12537.300000000003
Kaylyn,11827.200000000003
Denisha,895.4
Kaylin,17034.7
Stephani,956.4
Kaylie,19843.9
Shanice,9767.700000000003
Jaleesa,2655.0
Jalisa,4834.099999999999
Whitley,2795.0
Deja,18682.999999999996
Taja,309.59999999999997
Chelsi,2628.4
Genesis,41884.7
Logan,23351.499999999993
Katlin,4972.599999999999
Kimber,747.1999999999999
Kiara,52988.70000000001
Brittnee,1558.8000000000002
Kierra,17844.600000000002
Alexandrea,7634.5
Anais,2340.5
Allyssa,5674.4
Breana,12447.5
Kiersten,14888.599999999997
Diandra,229.2
Sarina,3368.7999999999993
Lizbeth,25087.1
Kiera,19676.7
Katarina,7092.200000000001
Jalissa,206.4
Hali,2761.1
Carli,5875.999999999999
Tiarra,968.5
Grecia,201.6
Moriah,10852.0
Kaitlynn,17872.1
Brittnie,1027.8
Flor,1868.3000000000002
Elizabet,534.0
Infant,3087.2999999999997
Alexandr,361.2
Britny,709.3
Katherin,332.4
Mikayla,57828.700000000004
Audrianna,308.4
Kirstie,2954.5
Asha,3777.8999999999996
Jordyn,43352.5
Baby,5062.4
Kallie,7841.4
Kelsea,4361.5
Bryanna,20201.8
Audriana,256.8
Danika,4989.7
Gianna,47403.8
Makayla,103055.3
Martika,602.1
Mikaela,16995.8
Destinee,17694.699999999997
Brittnay,230.39999999999998
Tayler,12103.300000000001
Yajaira,1337.6
Yasmine,13104.5
Shaniqua,4121.900000000001
Shanelle,478.5
Avery,67164.0
Lizeth,7322.3
Joana,4218.0
Ryann,5640.8
Isamar,1196.0000000000002
Skylar,42369.0
Dakota,29172.500000000004
Devan,3229.2
Latifah,716.3
Kanisha,626.6
Rubi,5238.599999999999
Skyler,21350.499999999996
Mariela,9777.8
Symone,1257.1000000000001
Riley,76892.90000000001
Ivana,1751.8
Heaven,22130.800000000003
Lucero,4301.700000000001
Shelbi,4464.2
Alysa,5553.5999999999985
Dulce,15746.899999999998
Brooklyn,62395.600000000006
Nataly,12044.200000000003
Imani,22721.8
Kalie,2884.7000000000003
Alannah,1414.8
Blake,2048.8
Fiona,16082.4
Kanesha,257.40000000000003
Laken,1671.8000000000002
Haleigh,14959.2
Eryn,2645.2999999999997
Danae,785.2
Elyssa,4398.2
Shelbie,3718.0
Demi,3829.3
Harley,19392.3
Ieshia,380.90000000000003
Makenzie,33599.5
Shanequa,670.8
Karlee,10403.9
Haylee,27023.9
Cheyanne,16303.999999999998
Estefania,4643.999999999999
Halie,7751.500000000002
Devyn,6358.0
Chynna,894.4000000000001
Karlie,9095.699999999999
Stormy,2016.3000000000002
Delaney,33367.5
Carlee,9598.1
Kailee,11048.299999999997
Alayna,18161.599999999995
Mckenna,33614.299999999996
Shaquana,271.7
Tiesha,270.40000000000003
Brielle,12632.099999999999
Myranda,2782.0
Marcela,786.5
Miriah,261.3
Alexus,23081.000000000004
Kelcie,809.9000000000001
Emerald,3596.0000000000005
Bryana,4237.5
Giovanna,7879.7
China,1648.4
Essence,8366.0
Bria,13043.7
Aracely,5276.0
Aubree,11354.199999999999
Chelsy,536.9
Miesha,243.1
Cinthia,508.3
Chandler,6630.8
Peyton,47930.09999999999
Payton,41946.0
Darian,5815.5
Brianda,344.5
Hailee,14819.3
Karley,6798.7
Ashlynn,19090.3
Macey,9955.699999999997
Tatyana,11260.1
Shawnee,296.40000000000003
Brea,942.5
Joselyn,14134.499999999998
Katerina,2995.2999999999997
Ivonne,557.7
Marlee,7393.599999999999
Breonna,3566.3
Shaniece,269.1
Kaylynn,8553.300000000001
Carson,4814.299999999999
Kinsey,4147.5
Kenia,5156.9
Destini,7067.4
Kayley,8077.400000000001
Lexus,6347.199999999999
Selene,1150.8999999999999
Yaritza,4186.8
Hunter,10530.800000000001
Khadijah,3829.8
Kadijah,1038.7
Halle,13394.399999999998
Dylan,5970.900000000001
Brionna,3614.0
Destiney,7588.900000000001
Jazmyn,8163.5
Yazmin,7663.099999999999
Kendal,6248.2
Montana,6717.4
Itzel,13568.5
Kassidy,16582.6
Coraima,287.3
Shannen,280.8
Kailyn,10460.199999999999
Sage,13333.6
Kalene,265.2
Katlynn,2449.9
Lexi,16285.1
Deyanira,261.3
Yasmeen,2561.8999999999996
Shyanne,9556.800000000001
Viridiana,1090.7
Kaylene,254.8
Crysta,253.5
Reina,5414.1
Alondra,38320.700000000004
Kayli,5301.8
Nayeli,14831.499999999996
Jasmyn,4806.400000000001
Aspen,9984.599999999999
Jasmyne,243.1
Paloma,5572.3
Austin,538.2
Hana,7634.999999999999
Aaliyah,60817.0
Aliyah,27644.3
Justice,13863.1
Dalia,6499.900000000001
Kennedy,49283.09999999999
Zhane,772.2
Mckayla,12559.7
Clarisa,418.6
Darby,3939.3
Mikala,2243.8
Dayana,7367.8
Maddison,13896.3
Kianna,6972.8
Addison,75595.59999999999
Kenzie,8877.800000000001
Bailee,11346.899999999998
Sydnee,7980.899999999998
Haylie,9544.8
Nohely,279.5
Marley,14481.399999999998
Makenna,23898.8
Rylee,34764.6
Vanesa,2486.7999999999997
Aleah,8105.999999999999
Cydney,1687.8000000000002
Shyann,6039.499999999999
Valentina,12211.800000000001
Drew,3638.4
Caitlynn,2234.3
Tatum,14344.199999999999
Adilene,244.4
London,13100.0
Isis,9263.599999999999
Tatianna,3171.0
Baylee,15973.300000000001
Shania,17374.6
Jocelyne,2178.8
Lyric,8776.1
Daisha,2431.8
Kaelyn,11055.099999999999
Jayla,32800.6
Dasia,3763.6999999999994
Emely,15326.199999999999
Sydni,4238.4
Abbigail,10293.099999999999
Miracle,10783.699999999999
Zoey,32409.800000000003
Unique,3443.6000000000004
Iridian,276.90000000000003
Brooklynn,18404.0
Alia,5120.299999999999
Tristen,1285.3000000000002
Keanna,269.1
Alivia,17653.199999999997
Daija,1885.0
Sydnie,3696.2
Fernanda,10855.0
Daja,566.8
Lesly,13174.0
Annika,15037.2
Kyleigh,13002.399999999998
Sienna,17085.0
Ciarra,517.4
Maci,6828.6
Destany,1403.1
Tamia,11929.3
Moesha,829.4000000000001
Odalys,2299.9
Yamilex,391.3
Zaria,7936.2
Mireya,5431.2
Alize,4424.299999999999
Xena,720.2
Dania,2560.8999999999996
Katia,1640.0
Maia,8941.6
Amani,7266.899999999999
Shianne,1271.4
Chase,868.4000000000001
Amari,11136.799999999997
Madisen,3671.7999999999997
Odalis,1176.5
Kaylah,4953.4
Sarahi,3873.8
Haven,7125.099999999999
Jailene,2044.9
Jazlyn,9178.099999999999
Alyssia,799.5
Chyna,3157.4
Estefany,587.4
Sheridan,1656.2
Ansley,6720.7
Madyson,11755.5
Jaycie,260.0
Jacey,5732.0
Lexis,799.5
Daijah,253.5
Joslyn,4397.599999999999
Dejah,1373.8999999999999
Jaden,16082.8
Yulissa,794.3000000000001
Anahi,13776.199999999997
Reilly,3430.1
Aylin,6135.9
Julisa,379.6
Salma,6382.700000000001
Madisyn,12220.199999999999
Erykah,721.5
Gisselle,9242.8
Raegan,10002.099999999999
Tea,716.3
Estrella,10378.4
Jayda,15400.4
Rylie,12942.2
Camryn,24281.199999999997
Makala,967.2
Taya,3255.9
Camila,25607.3
Kaylan,875.6
Annalise,5942.9
Jazmyne,2224.5
Keeley,1173.3000000000002
Shaylee,5286.4
Savana,3768.9
Armani,4649.999999999999
Madelynn,9556.699999999999
Micayla,270.40000000000003
Maeve,6716.599999999999
Nautica,869.7
Cali,7253.199999999999
Serenity,28564.600000000002
Yulisa,257.40000000000003
Baylie,256.1
Samara,9130.0
Mya,44541.89999999999
Ally,7302.4
Kamryn,16664.999999999996
Myah,6175.199999999999
Reanna,2078.0
Madilyn,10394.900000000001
Felicity,7645.7
Ireland,2747.3999999999996
Hayden,15315.599999999999
Skyla,7192.5
Willow,9084.800000000001
Jaida,7459.699999999999
Jayden,20398.8
Abigayle,4862.8
Jaelyn,10034.7
Rhianna,2331.5
Amira,7047.400000000001
Shae,295.1
Zoie,7206.599999999999
Kameron,874.9
Caleigh,2106.5
Deasia,1550.8
Abril,5747.699999999999
Hadley,7183.200000000001
Tayla,665.4
Kaylen,3077.7
Jensen,265.2
Presley,9687.899999999998
Alexys,2039.4
Jaycee,5315.5
Jayde,1690.5
Kennedi,6883.9
Amaya,22226.199999999997
Piper,17446.699999999997
Aniya,14498.4
Noelia,3380.3999999999996
Kiarra,749.3
Jadyn,13170.1
Shaniya,5734.799999999999
Teagan,9263.8
Keara,1004.5
Parker,6146.599999999999
Emmalee,5331.9
Aiyana,5693.5999999999985
Miya,3574.1
Jalyn,3322.7
Nyasia,3749.7
Aniyah,16842.7
Jaylene,4195.299999999999
Kyara,295.1
Citlalli,1262.6
Abigale,3761.6999999999994
Isabela,7729.5
Tatyanna,283.40000000000003
Journey,4780.299999999999
Ryleigh,11816.699999999999
Aliya,5535.099999999999
Sky,2736.5
Jaiden,8606.800000000001
Shyla,2158.5
Bryn,646.6
Abagail,4143.900000000001
Izabella,14112.3
Nya,3592.7
Saige,4547.5
Jakayla,5134.199999999999
Litzy,6069.0
Brisa,6075.999999999999
Amya,8346.8
Jackeline,1828.3999999999999
Kaya,6234.199999999999
Jaquelin,1065.3999999999999
Hailie,4688.599999999999
Nyah,2178.4
Amara,5986.400000000001
Dariana,373.79999999999995
Yamilet,1604.4
Monserrat,5142.2
Jaylin,5684.0
Reese,19310.199999999997
Cielo,704.2
Aryanna,5328.4
Anaya,7523.599999999999
Arely,6038.2
Kaia,5588.799999999999
Maryam,2181.2000000000003
Lilliana,7193.199999999999
Anjali,1646.4
Amiya,4424.0
Belen,3882.2
Aliza,4309.2
Keira,19962.6
Janiya,9301.599999999999
Ashtyn,2119.6
Neha,306.59999999999997
Laisha,1083.6
Amina,3754.7999999999997
Jailyn,2448.5999999999995
Kenna,4180.4
Iyana,3046.4000000000005
Maiya,298.2
Marlen,659.3999999999999
Nevaeh,52705.799999999996
Ainsley,8716.4
Yuliana,3872.3999999999996
Beyonce,494.2
Nayely,463.4
Johana,2479.4
Nallely,428.4
Kaiya,4218.199999999999
Meadow,4034.7999999999993
Makaila,3093.9999999999995
Kya,2836.3999999999996
Ximena,9312.8
Jimena,7865.2
Melany,7089.6
Jamya,4636.799999999999
Taina,347.2
Aubrie,5476.8
Frida,4136.999999999999
Kaliyah,4610.199999999999
Mikaila,333.2
Taliyah,4823.0
Taniya,4368.0
Citlali,2093.0
Annabella,5525.8
Dafne,313.59999999999997
Hayleigh,1831.1999999999998
Yoselin,4295.2
Areli,2727.2
Madalynn,4510.8
Priscila,994.0
Miah,4036.2
Natalya,2858.7999999999997
Jaidyn,5118.4
Keila,303.79999999999995
Jaylynn,5292.0
Rianna,680.4
Sheyla,732.2
Aryana,3499.9999999999995
Elle,6672.4
Lisbeth,1052.8
Evelin,4022.2
Makena,3528.0
Jaliyah,4400.2
Emerson,8212.4
Keyla,3417.3999999999996
Giana,4250.4
Maleah,3245.2
Shreya,1563.7999999999997
Maliyah,4720.799999999999
Samira,1468.6
Jalynn,2226.0
Akira,2252.6
Galilea,2464.0
Riya,2221.7999999999997
Iyanna,1764.0
Cadence,14585.199999999997
Kiya,323.4
Jaylyn,3376.8
Estefani,1058.3999999999999
Yareli,4541.599999999999
Dayanara,6018.599999999999
Janiyah,6777.4
Taniyah,3002.9999999999995
Sanaa,3805.2
Yahaira,842.8
Kadence,7351.400000000001
Amiyah,4746.0
Tamya,715.3999999999999
Sherlyn,4898.6
Campbell,3604.9999999999995
Natalee,4655.0
Lainey,3721.1999999999994
Angeles,697.2
Kayden,5147.8
Karyme,351.4
Arly,344.4
Rowan,4776.799999999999
Saniya,4953.199999999999
Sariah,3046.3999999999996
Phoenix,3298.3999999999996
Alani,2480.8
Kaydence,8841.0
Rory,1107.3999999999999
Amaris,2272.2
Charlize,2781.8
Kimora,6078.8
Xiomara,2759.4
Marin,2009.0
Diya,1929.1999999999998
Harper,6953.799999999999
Treasure,383.59999999999997
Aleena,3294.2
Saniyah,3745.0000000000005
Addyson,8037.4
Karis,1122.8
Gracelyn,3193.3999999999996
Jaylee,3042.2
Nathaly,2651.5999999999995
Livia,1565.1999999999998
Jayleen,3145.7999999999997
Janiah,2559.2
Gwyneth,350.0
Jaylen,1678.6
Zariah,3480.3999999999996
Averie,2665.6
Heidy,1103.2
Mikalah,449.4
Emery,3964.7999999999997
Arleth,439.59999999999997
Karma,2282.0
Jaelynn,3186.3999999999996
Siena,3008.6
Anabelle,2797.2
Naima,1638.0
Anneliese,378.0
Zara,2413.6
Elliana,2989.0
Kinsley,3119.2
Selah,2398.2
Jolette,361.2
Brylee,3259.2
Myla,2707.5999999999995
Yuridia,1173.2
Valery,2191.0
Finley,2689.4
Lilianna,2265.2
Zion,2699.2
Leyla,2300.2
Rihanna,4540.2
Addisyn,3134.5999999999995
Akeelah,561.4
Adison,1495.2
Lilyana,2536.8
Nathalia,882.0
Paisley,3542.0
Yaretzi,2480.7999999999997
Scarlet,2356.2
Braelyn,2570.4
Kamila,2541.0
Cailyn,1929.1999999999998
Bethzy,421.4
Adyson,2301.6
Joselin,957.5999999999999
Mariyah,1975.3999999999999
Kinley,2466.7999999999997
Jaylah,1855.0
Charlee,1824.2
Adamaris,799.4
Malaya,904.3999999999999
Mckinley,1332.8
Khloe,8166.199999999999
Amirah,1381.8
Briley,1975.4
Jorja,373.79999999999995
Rayne,1646.4
Sanai,1171.7999999999997
Dahlia,2035.6
Lorelai,1755.6
Neveah,1563.8000000000002
Miley,7820.4
Mylee,2230.2
Jordin,1835.3999999999999
Jaslene,2521.3999999999996
Audrina,3143.0
Azul,1755.6
Marely,2408.0
Shiloh,1863.3999999999996
Madilynn,1909.6
Jaeda,482.99999999999994
Jazlynn,1657.6
Londyn,2531.2
Giada,1470.0
Adelyn,2290.3999999999996
Jocelynn,1346.8
Mylie,929.5999999999999
Adalyn,2451.4
Aliana,1261.4
Giuliana,1435.0
Azaria,1190.0
Zaniyah,1390.1999999999998
Alyvia,1220.8
Joseline,387.79999999999995
Kelis,386.4
Lillianna,1276.8
Izabelle,768.5999999999999
Kylah,778.4
Hadassah,1152.1999999999998
Allisson,1752.8
Caylee,2564.8
Mareli,575.4
Dayami,547.4
Alisson,1212.4
Nylah,1115.8
Jazlene,475.99999999999994
Adalynn,1057.0
Gemma,1180.1999999999998
Jaslyn,814.8
Lailah,935.1999999999999
Brynlee,1024.8
Marlie,848.4
Raelynn,883.3999999999999
Ariella,863.8
Anabella,912.8
Kamari,809.1999999999999
Paityn,996.8
Kamora,403.2
Payten,831.5999999999999
Averi,789.5999999999999
Amiah,754.5999999999999
Avah,785.4
Karsyn,807.8
Laylah,831.5999999999999
Jamiya,372.4
Kenley,989.8
Carleigh,369.59999999999997
Sloane,792.3999999999999
Analia,1391.6
Bristol,604.8
Leighton,602.0
Milan,503.99999999999994
Brinley,502.59999999999997
Maliah,491.4
Lylah,470.4
Calleigh,466.2
Adelynn,460.59999999999997
Rylan,450.79999999999995
Elianna,436.79999999999995
Taraji,432.59999999999997
Ember,429.79999999999995
Evelynn,421.4
Harlow,418.59999999999997
Alaya,417.2
Caydence,415.79999999999995
Raelyn,403.2
Aiyanna,387.79999999999995
Charley,387.79999999999995
Kaelynn,386.4
Kamya,386.4
River,386.4
Ivanna,383.59999999999997
Ayleen,380.79999999999995
Marleigh,378.0
Kayleen,375.2
Azariah,372.4
Reece,372.4
Cambria,369.59999999999997
Samiyah,369.59999999999997
Kloe,368.2
Lilyanna,368.2
