John,6820759.100000001
William,5489015.200000003
James,6732641.000000001
Charles,3222483.4999999995
George,2107313.3
Frank,1308521.5000000002
Joseph,3339075.600000001
Thomas,2953218.9999999995
Henry,898173.6000000001
Robert,6357945.699999998
Edward,1773018.9999999998
Harry,638608.3
Walter,903949.0999999999
Arthur,759961.2000000003
Fred,512244.3000000001
Albert,707493.6999999997
Samuel,888713.7
David,4315602.300000001
Louis,555499.9000000001
Joe,626240.0000000001
Charlie,231162.4
Clarence,453581.5
Richard,3339220.9000000004
Andrew,1509948.1000000003
Daniel,2219134.1
Ernest,431064.7000000001
Will,65313.59999999999
Jesse,517379.9000000002
Oscar,253766.79999999996
Lewis,213255.99999999997
Peter,718844.4999999998
Benjamin,805558.7999999998
Frederick,352508.8000000001
Willie,636832.9
Alfred,350096.10000000003
Sam,178801.99999999997
Roy,567899.2999999996
Herbert,337908.4000000001
Jacob,1025189.7999999998
Tom,186594.00000000003
Elmer,199028.10000000003
Carl,692878.4000000003
Lee,307676.6000000001
Howard,498816.8999999999
Martin,388350.2999999999
Michael,5052593.500000002
Bert,49183.499999999985
Herman,200625.1
Jim,203163.8
Francis,410501.2
Harvey,168486.29999999996
Earl,423735.4
Eugene,541485.1999999998
Ralph,595842.9000000001
Ed,38510.900000000016
Claude,133428.49999999997
Edwin,322536.50000000006
Ben,115107.70000000001
Charley,33383.9
Paul,1786521.2000000002
Edgar,200283.0
Isaac,266536.4
Otto,42441.09999999997
Luther,96141.20000000003
Lawrence,621045.0
Ira,72928.19999999998
Patrick,791411.6999999998
Guy,119457.59999999996
Oliver,118966.90000000001
Theodore,294944.89999999997
Hugh,115696.50000000003
Clyde,205788.6
Alexander,716310.1
August,48618.19999999999
Floyd,223951.49999999997
Homer,92345.40000000004
Jack,884512.0000000001
Leonard,406968.69999999995
Horace,79221.0
Marion,103144.6
Philip,436650.60000000003
Allen,341243.5
Archie,71314.6
Stephen,1036650.9000000003
Chester,178521.80000000005
Willis,74246.4
Raymond,1055078.9
Rufus,51438.900000000016
Warren,237791.59999999995
Jessie,150207.59999999995
Milton,167754.09999999995
Alex,319702.5000000001
Leo,249273.89999999994
Julius,100168.79999999999
Ray,280544.8999999999
Sidney,117540.59999999995
Bernard,283863.20000000007
Dan,136323.7
Jerry,786884.6
Calvin,242795.70000000004
Perry,95642.80000000002
Dave,80989.09999999996
Anthony,1666793.1
Eddie,274191.8
Amos,42888.19999999999
Dennis,776591.3999999998
Clifford,260116.79999999993
Leroy,283545.89999999985
Wesley,243649.9
Alonzo,50063.2
Garfield,6855.900000000001
Franklin,178308.20000000004
Emil,44650.20000000001
Leon,220533.2
Nathan,592110.8
Harold,805387.3999999997
Matthew,1791775.5999999999
Levi,106195.59999999999
Moses,47021.49999999999
Everett,122945.99999999999
Lester,187179.00000000003
Winfield,6542.4
Adam,614929.9000000001
Lloyd,228772.99999999997
Mack,49471.799999999996
Fredrick,81779.69999999997
Jay,225827.00000000006
Jess,33291.80000000002
Melvin,334646.00000000023
Noah,312219.60000000003
Aaron,631615.7
Alvin,217339.8
Norman,356797.2
Gilbert,174815.49999999994
Elijah,234293.19999999998
Victor,384495.29999999993
Gus,23561.399999999998
Nelson,98176.90000000004
Jasper,39212.899999999994
Silas,30561.9
Christopher,2259597.9999999995
Jake,139134.69999999998
Mike,251213.19999999998
Percy,44144.700000000004
Adolph,27992.400000000005
Maurice,174471.7
Cornelius,47233.99999999999
Felix,79438.3
Reuben,39308.600000000006
Wallace,115293.79999999997
Claud,16847.89999999999
Roscoe,30160.5
Sylvester,58556.49999999999
Earnest,82282.50000000003
Hiram,15873.099999999999
Otis,78456.70000000003
Simon,63629.399999999994
Willard,113701.1
Irvin,55335.600000000006
Mark,1540448.7
Jose,649088.5999999999
Wilbur,84974.00000000001
Abraham,96888.80000000002
Virgil,101887.79999999996
Clinton,121934.90000000001
Elbert,47874.5
Leslie,154128.29999999996
Marshall,111701.69999999997
Owen,147011.6
Wiley,20977.499999999996
Anton,29334.600000000002
Morris,99941.29999999999
Manuel,226817.90000000002
Phillip,373412.30000000005
Augustus,16858.0
Emmett,48360.3
Eli,77437.90000000001
Nicholas,1067210.3000000003
Wilson,60039.10000000001
Alva,16389.499999999993
Harley,50350.49999999999
Newton,10240.199999999997
Timothy,1212525.8
Marvin,339344.30000000005
Ross,102349.29999999999
Curtis,320307.00000000006
Edmund,69501.9
Jeff,133968.00000000003
Elias,61323.50000000001
Harrison,72634.59999999998
Stanley,416304.89999999985
Columbus,10398.299999999994
Lon,12056.4
Ora,7847.800000000001
Ollie,22190.599999999995
Pearl,5791.000000000001
Russell,455294.6999999998
Solomon,36297.1
Arch,2193.3
Asa,15876.299999999997
Clayton,156512.4999999999
Enoch,7531.800000000001
Irving,63853.60000000002
Mathew,87355.99999999997
Nathaniel,298520.49999999994
Scott,847656.7999999999
Hubert,83562.49999999997
Lemuel,10233.399999999998
Andy,100227.99999999999
Ellis,52436.40000000001
Emanuel,56042.90000000001
Joshua,1376728.7
Millard,24470.8
Vernon,203688.89999999997
Wade,79968.9
Cyrus,22062.600000000002
Miles,67633.99999999999
Rudolph,75676.0
Sherman,51665.599999999984
Austin,474990.60000000003
Bill,217790.20000000007
Chas,2838.6000000000004
Lonnie,120462.0
Monroe,21266.9
Byron,97504.9
Edd,7935.400000000002
Emery,18765.500000000007
Grant,134753.19999999998
Jerome,207046.49999999997
Max,168100.59999999995
Mose,10096.199999999997
Steve,298106.8
Gordon,211551.69999999998
Abe,11287.499999999998
Pete,57574.50000000001
Chris,159476.2
Clark,52469.50000000001
Gustave,6578.699999999998
Orville,52895.9
Lorenzo,66573.09999999998
Bruce,479040.5999999999
Marcus,255423.49999999997
Preston,120268.59999999999
Bob,127650.2
Dock,7402.1
Donald,1909948.4
Jackson,183968.2
Cecil,152478.6
Barney,22271.9
Delbert,65609.0
Edmond,31369.200000000004
Anderson,22966.6
Christian,447630.89999999997
Glenn,323397.3000000001
Jefferson,24696.499999999996
Luke,244463.30000000002
Neal,66960.3
Burt,8173.799999999999
Ike,6948.899999999999
Myron,57795.0
Tony,293110.0
Conrad,43844.900000000016
Joel,299125.70000000007
Matt,25584.6
Riley,99366.9
Vincent,399874.0000000001
Emory,17893.7
Isaiah,196629.19999999998
Nick,64614.49999999998
Ezra,27939.0
Green,1669.3000000000002
Juan,394667.30000000016
Clifton,91269.39999999998
Lucius,8830.6
Porter,12233.1
Arnold,145383.30000000008
Bud,12728.4
Jeremiah,172118.19999999998
Taylor,134877.40000000005
Forrest,62401.40000000002
Roland,131570.6
Spencer,135595.4
Burton,30922.200000000004
Don,223637.80000000005
Emmet,3474.5
Gustav,3782.7
Louie,35186.8
Morgan,50127.1
Ned,23028.800000000003
Van,31879.999999999993
Ambrose,8958.099999999999
Chauncey,8662.100000000002
Elisha,13313.999999999998
Ferdinand,11209.200000000003
General,4675.500000000001
Julian,190266.40000000002
Kenneth,1617919.2000000004
Mitchell,196175.1
Allie,3332.599999999999
Josh,16785.199999999997
Judson,11003.9
Lyman,11476.9
Napoleon,8618.199999999999
Pedro,103034.40000000001
Berry,6613.200000000002
Dewitt,9333.1
Ervin,51559.399999999994
Forest,18284.899999999994
Lynn,69040.79999999999
Pink,926.9
Ruben,131212.10000000003
Sanford,20190.5
Ward,19184.0
Douglas,677238.0000000001
Ole,1236.6000000000004
Omer,9006.9
Ulysses,20440.300000000007
Walker,21570.0
Wilbert,54989.30000000001
Adelbert,2287.7999999999997
Benjiman,3258.900000000001
Ivan,142269.40000000002
Jonas,24663.199999999997
Major,11921.199999999999
Abner,3987.6
Archibald,2671.0000000000005
Caleb,269703.8
Clint,34196.8
Dudley,15786.899999999998
Granville,6945.099999999999
King,9698.299999999997
Mary,20476.30000000001
Merton,5729.4
Antonio,278536.10000000003
Bennie,72310.20000000001
Carroll,50246.59999999999
Freeman,13210.899999999998
Josiah,67282.0
Milo,15053.400000000001
Royal,13241.7
Dick,42584.09999999999
Earle,16574.0
Elza,2196.7999999999997
Emerson,20228.500000000004
Fletcher,12847.4
Judge,2958.2
Laurence,52477.5
Neil,125548.49999999999
Roger,565511.5
Seth,187678.39999999997
Glen,164483.89999999994
Hugo,34697.200000000004
Jimmie,153354.10000000003
Johnnie,140845.70000000004
Washington,1702.8000000000002
Elwood,29519.699999999997
Gust,1364.3999999999996
Harmon,7888.2
Jordan,411106.3
Simeon,4045.8999999999996
Wayne,458240.79999999993
Wilber,7144.9
Clem,5537.6
Evan,270754.50000000006
Frederic,17494.399999999994
Irwin,21701.8
Junius,6419.999999999998
Lafayette,3901.7999999999997
Loren,59320.799999999996
Madison,7059.899999999998
Mason,186963.7
Orval,11729.5
Abram,12073.099999999999
Aubrey,39220.49999999999
Elliott,41529.1
Hans,15448.299999999997
Karl,124566.70000000004
Minor,587.3
Wash,797.2
Wilfred,41280.1
Allan,121484.90000000001
Alphonse,13822.3
Dallas,68046.09999999999
Dee,9359.999999999998
Isiah,28914.1
Jason,1100218.3
Johnny,382728.9999999999
Lawson,7985.999999999998
Lew,428.00000000000006
Micheal,180222.7
Orin,4522.3
Addison,13662.200000000003
Cal,1056.2999999999997
Erastus,251.5
Francisco,152805.2
Hardy,5864.100000000002
Lucien,6812.699999999999
Randolph,61385.399999999994
Stewart,38492.399999999994
Vern,15959.999999999996
Wilmer,17889.4
Zack,4285.099999999999
Adrian,227706.9
Alvah,897.2000000000002
Bertram,10578.499999999996
Clay,42947.90000000001
Ephraim,572.6999999999999
Fritz,6564.6
Giles,4190.4
Grover,40752.69999999999
Harris,14920.800000000001
Isom,809.9999999999999
Jesus,254962.39999999997
Johnie,30908.099999999995
Jonathan,937137.6000000003
Lucian,7251.800000000002
Malcolm,75645.90000000002
Merritt,5396.899999999999
Otho,4442.5
Perley,396.5
Rolla,721.5
Sandy,11858.7
Tomas,32376.999999999993
Wilford,14274.4
Adolphus,4313.900000000001
Angus,2961.3000000000006
Arther,6725.700000000001
Carlos,321260.39999999997
Cary,27328.800000000014
Cassius,878.3
Davis,31217.000000000004
Hamilton,2850.6
Harve,408.6
Israel,60799.8
Leander,5008.7
Melville,2200.7000000000003
Merle,43730.20000000001
Murray,29755.899999999998
Pleasant,301.5
Sterling,36070.1
Steven,1486616.5000000002
Axel,17929.0
Boyd,35188.4
Bryant,56380.50000000002
Clement,17796.1
Erwin,27370.30000000001
Ezekiel,25514.499999999996
Foster,10894.500000000002
Frances,5859.8
Geo,732.4000000000001
Houston,17413.8
Issac,22258.9
Jules,8396.100000000002
Larkin,296.80000000000007
Mat,353.7
Morton,18128.2
Orlando,53156.29999999999
Pierce,13189.0
Prince,12297.999999999998
Rollie,3185.6000000000004
Rollin,6486.700000000001
Sim,934.5999999999999
Stuart,84411.30000000002
Wilburn,14528.500000000002
Bennett,26762.300000000007
Casper,3723.5000000000005
Christ,2160.8
Dell,3456.1
Egbert,318.7
Elmo,14548.099999999999
Fay,5961.200000000001
Gabriel,323415.10000000003
Hector,113995.39999999998
Horatio,129.9
Lige,925.8
Saul,45060.0
Smith,2647.0000000000005
Squire,203.39999999999998
Tobe,477.0
Tommie,45123.2
Wyatt,104593.49999999999
Alford,5848.600000000001
Alma,1098.4999999999998
Alton,61545.70000000002
Andres,87236.8
Burl,9677.000000000002
Cicero,635.8
Dean,201617.4
Dorsey,6579.000000000002
Enos,1831.2
Howell,4482.500000000001
Lou,1436.3
Loyd,32317.599999999995
Mahlon,4468.900000000001
Nat,1387.6999999999998
Omar,102680.70000000001
Oran,3983.4999999999995
Parker,79619.5
Raleigh,8598.0
Reginald,129531.90000000002
Rubin,7331.6
Seymour,19752.500000000004
Wm,2876.5
Young,297.40000000000003
Benjamine,353.0
Carey,19428.3
Carlton,61587.100000000006
Eldridge,5778.900000000001
Elzie,4736.599999999999
Garrett,151940.5
Isham,226.0
Johnson,3863.8000000000006
Larry,1029469.2000000001
Logan,292502.4
Merrill,17625.6
Mont,298.9
Oren,7021.000000000003
Pierre,18909.3
Rex,71602.90000000004
Rodney,286988.0
Ted,96618.89999999998
Webster,4341.5
West,757.8
Wheeler,316.79999999999995
Willam,2838.5000000000005
Al,21019.799999999996
Aloysius,6896.999999999998
Alvie,4868.1
Anna,1581.8999999999996
Art,5918.499999999999
Augustine,11089.699999999999
Bailey,23159.4
Benjaman,406.9
Beverly,6135.000000000001
Bishop,852.8000000000001
Clair,17751.1
Cloyd,3558.2000000000003
Coleman,18767.4
Dana,61756.40000000001
Duncan,22818.899999999994
Dwight,97810.5
Emile,9024.5
Evert,3542.7999999999997
Henderson,3370.9
Hunter,223287.49999999997
Jean,30077.499999999996
Lem,790.9000000000001
Luis,301735.8
Mathias,3248.9999999999995
Maynard,20502.700000000004
Miguel,192810.4
Mortimer,2267.8999999999996
Nels,1709.9999999999998
Norris,20579.200000000004
Pat,35172.5
Phil,24929.599999999995
Rush,323.69999999999993
Santiago,40192.600000000006
Sol,8795.600000000002
Sydney,8793.199999999999
Thaddeus,27722.899999999998
Thornton,2215.7000000000003
Tim,92382.2
Travis,344480.7
Truman,15493.4
Watson,2516.9
Webb,261.7
Wellington,1213.4
Winfred,13163.299999999997
Wylie,3184.7999999999997
Alec,60924.80000000001
Basil,14874.0
Baxter,1016.6000000000001
Bertrand,3894.9
Buford,15097.3
Burr,243.5
Cleveland,28857.6
Colonel,397.5
Dempsey,1850.0
Early,4763.800000000001
Ellsworth,10626.099999999999
Fate,485.2
Finley,2087.2999999999997
Gabe,215.49999999999997
Garland,31840.8
Gerald,600356.8
Herschel,13632.599999999995
Hezekiah,2594.2
Justus,5662.6
Lindsey,8690.199999999997
Marcellus,3169.899999999999
Olaf,1659.8
Olin,10254.599999999997
Pablo,48800.3
Rolland,12788.2
Turner,5635.7
Verne,8119.400000000001
Volney,86.2
Williams,4285.299999999999
Almon,685.6999999999999
Alois,2960.3999999999996
Alonza,1011.2
Anson,771.1
Authur,325.2
Benton,5592.1
Billie,44883.99999999999
Cornelious,297.40000000000003
Darius,56487.099999999984
Denis,20799.699999999997
Dillard,4130.800000000001
Doctor,245.1
Elvin,24759.900000000005
Emma,601.6
Eric,978049.2000000002
Evans,3689.500000000001
Gideon,5246.5
Haywood,7999.699999999999
Hilliard,933.0999999999999
Hosea,3472.6000000000004
Lincoln,26235.0
Lonzo,3614.5999999999995
Lucious,4781.399999999999
Lum,354.50000000000006
Malachi,33914.49999999999
Newt,339.79999999999995
Noel,51762.399999999994
Orie,397.79999999999995
Palmer,6774.600000000001
Pinkney,228.4
Shirley,13750.3
Sumner,1393.5999999999997
Terry,509888.5000000001
Urban,2901.2
Uriah,2208.2
Valentine,6546.3
Waldo,6770.5
Warner,8315.599999999999
Wong,250.9
Zeb,384.3
Abel,40709.5
Alden,15358.3
Archer,616.2
Avery,49595.9
Carson,88204.5
Cullen,10535.3
Doc,541.3000000000001
Eben,201.40000000000003
Elige,195.0
Elizabeth,3392.6999999999994
Elmore,4870.500000000001
Ernst,1084.6999999999998
Finis,1706.3999999999999
Freddie,94504.5
Godfrey,1567.1999999999998
Guss,736.9999999999999
Hamp,460.99999999999994
Hermann,52.0
Isadore,7084.000000000001
Isreal,104.5
Jones,1435.6999999999998
June,3367.2
Lacy,7819.9
Lafe,119.4
Leland,64097.49999999999
Llewellyn,2490.2999999999997
Ludwig,2160.1000000000004
Manford,412.4
Maxwell,85099.1
Minnie,512.0999999999999
Obie,4166.799999999999
Octave,147.20000000000002
Orrin,4153.300000000001
Ossie,257.0
Oswald,3483.7
Park,323.09999999999997
Parley,45.3
Ramon,90843.59999999996
Rice,74.0
Stonewall,73.4
Theo,4773.000000000001
Tillman,2384.7
Addie,307.59999999999997
Aron,19730.200000000008
Ashley,15657.400000000003
Bernhard,488.6
Bertie,452.59999999999997
Berton,496.5
Buster,10836.4
Butler,367.50000000000006
Carleton,5256.399999999998
Carrie,260.29999999999995
Clara,530.1
Clarance,5201.4
Clare,3746.600000000001
Crawford,3516.2999999999997
Danial,7970.299999999999
Dayton,13431.999999999996
Dolphus,280.29999999999995
Elder,230.29999999999998
Ephriam,235.29999999999998
Fayette,142.0
Felipe,34447.1
Fernando,106183.0
Flem,51.4
Florence,1031.2000000000003
Ford,3472.7
Harlan,28065.399999999998
Hayes,1234.8000000000002
Henery,1372.2999999999997
Hoy,36.4
Huston,1014.4
Ida,366.59999999999997
Ivory,8597.4
Jonah,51627.2
Justin,903431.2999999998
Lenard,12262.0
Leopold,1762.3999999999999
Lionel,34080.6
Manley,1428.8
Marquis,25825.4
Marshal,688.3000000000001
Mart,170.7
Odie,1947.3999999999999
Olen,8837.199999999999
Oral,2542.7999999999993
Orley,84.0
Otha,8063.299999999999
Press,153.70000000000002
Price,1274.3
Quincy,24256.4
Randall,233059.30000000002
Rich,2930.6000000000004
Richmond,2275.6
Romeo,12573.300000000001
Russel,21159.100000000006
Rutherford,94.8
Shade,80.7
Shelby,19726.000000000004
Solon,105.3
Thurman,21960.3
Tilden,16.0
Troy,231109.19999999992
Woodson,80.4
Worth,1407.4
Aden,13462.3
Alcide,252.7
Alf,496.99999999999994
Algie,271.5
Arlie,8511.100000000002
Bart,17001.1
Bedford,136.1
Benito,14704.899999999996
Billy,505338.80000000005
Bird,89.4
Birt,156.10000000000002
Bruno,16511.60000000001
Burley,1409.6
Chancy,65.2
Claus,73.89999999999999
Cliff,9513.099999999999
Clovis,2760.5
Connie,9146.200000000003
Creed,127.69999999999999
Delos,195.5
Duke,2525.5
Eber,124.39999999999999
Eligah,373.9
Elliot,33832.5
Elton,26155.399999999998
Emmitt,7383.5999999999985
Gene,171376.10000000003
Golden,1411.1000000000001
Hal,20872.199999999997
Hardin,267.8
Harman,38.0
Hervey,74.1
Hollis,17035.1
Ivey,203.79999999999998
Jennie,123.1
Len,3385.5
Lindsay,4099.800000000001
Lonie,447.7
Lyle,77052.8
Mac,7452.300000000001
Mal,24.0
Math,36.0
Miller,3407.4000000000005
Orson,187.70000000000002
Osborne,265.09999999999997
Percival,193.2
Pleas,251.9
Ples,104.89999999999999
Rafael,84090.09999999998
Raoul,413.0
Roderick,53620.899999999994
Rose,1022.6
Shelton,12535.399999999998
Sid,840.2
Theron,12956.4
Tobias,14167.200000000003
Toney,4860.5
Tyler,691843.5
Vance,29457.50000000001
Vivian,2516.1
Walton,6222.299999999998
Watt,80.0
Weaver,81.1
Wilton,10216.0
Adolf,900.8000000000001
Albin,4987.4000000000015
Albion,86.80000000000001
Allison,2513.2999999999997
Alpha,411.79999999999995
Alpheus,146.6
Anastacio,63.0
Andre,130868.70000000001
Annie,1370.2
Arlington,216.7
Armand,18433.400000000005
Asberry,71.2
Asbury,197.8
Asher,17704.199999999997
Augustin,87.5
Auther,1950.0
Author,1045.8
Ballard,149.2
Blas,32.4
Caesar,721.1000000000001
Candido,12.0
Cato,27.2
Clarke,804.3000000000001
Clemente,12.0
Colin,130867.59999999999
Commodore,108.3
Cora,187.5
Coy,18347.4
Cruz,17257.699999999997
Curt,16585.0
Damon,66667.99999999999
Davie,727.8
Delmar,18729.2
Dexter,32891.1
Dora,166.8
Doss,97.0
Drew,81845.89999999998
Edson,225.6
Elam,74.5
Elihu,55.4
Eliza,12.0
Elsie,406.50000000000006
Erie,183.0
Ernie,18827.499999999996
Ethel,943.8000000000002
Ferd,215.10000000000002
Friend,12.0
Garry,56996.49999999998
Gary,1121119.1
Grace,473.80000000000007
Gustaf,243.39999999999998
Hallie,570.1999999999999
Hampton,1229.1000000000001
Harrie,23.4
Hattie,181.29999999999998
Hence,12.0
Hillard,2082.5
Hollie,250.0
Holmes,24.6
Hope,12.0
Hyman,8468.500000000002
Ishmael,1040.9
Jarrett,24965.699999999997
Jessee,22.0
Joeseph,83.1
Junious,514.0999999999999
Kirk,74094.2
Levy,1070.8
Mervin,13634.400000000001
Michel,9329.9
Milford,11470.199999999993
Mitchel,14615.3
Nellie,277.5
Noble,8495.4
Obed,12.0
Oda,38.0
Orren,24.0
Ottis,5333.800000000002
Rafe,12.0
Redden,12.0
Reese,14814.4
Rube,346.9
Ruby,3277.7000000000003
Rupert,6241.099999999999
Salomon,12.0
Sammie,26598.000000000004
Sanders,372.2
Soloman,128.3
Stacy,21421.999999999993
Stanford,8649.000000000002
Stanton,6160.4
Thad,7606.599999999999
Titus,11706.900000000001
Tracy,65074.299999999996
Vernie,2412.1999999999994
Wendell,68036.00000000001
Wilhelm,76.4
Willian,2448.7
Yee,75.89999999999999
Zeke,52.5
Ab,50.0
Abbott,22.0
Agustus,10.0
Albertus,20.0
Almer,121.2
Alphonso,17534.9
Alvia,34.0
Artie,4287.900000000001
Arvid,3700.4
Ashby,119.6
Augusta,251.89999999999998
Aurthur,19.5
Babe,31.4
Baldwin,10.0
Barnett,98.0
Bartholomew,855.6999999999998
Barton,10394.5
Bernie,10759.000000000002
Blaine,36103.30000000001
Boston,3125.7
Brad,91229.19999999998
Bradford,36051.50000000001
Bradley,336127.50000000006
Brooks,19273.7
Buck,5715.1
Budd,90.2
Ceylon,10.0
Chalmers,69.1
Chesley,284.3999999999999
Chin,151.8
Cleo,15596.5
Crockett,20.0
Cyril,14584.2
Daisy,70.0
Denver,16206.400000000003
Dow,152.60000000000002
Duff,20.0
Edie,10.0
Edith,305.8
Elick,21.4
Elie,426.0
Eliga,169.9
Eliseo,5842.2
Elroy,8940.999999999998
Ely,147.5
Ennis,1813.3999999999999
Enrique,64166.100000000006
Erasmus,32.0
Esau,56.8
Everette,11763.199999999999
Firman,10.0
Fleming,196.5
Flora,24.4
Gardner,1308.6
Gee,48.0
Gorge,26.2
Gottlieb,101.89999999999999
Gregorio,10694.600000000002
Gregory,813042.4999999999
Gustavus,36.0
Halsey,37.3
Handy,85.0
Hardie,83.4
Harl,21.4
Hayden,94662.99999999999
Hays,10.0
Hermon,5259.2
Hershel,12233.200000000004
Holly,67.60000000000001
Hosteen,115.99999999999999
Hoyt,9073.300000000003
Hudson,19146.2
Huey,7896.000000000002
Humphrey,141.3
Hunt,10.0
Hyrum,114.0
Irven,71.6
Isam,10.0
Ivy,2351.2999999999997
Jabez,10.0
Jewel,6099.599999999999
Jodie,996.4
Judd,1807.8
Julious,171.4
Justice,15596.499999999998
Katherine,29.8
Kelly,90393.5
Kit,1190.6000000000001
Knute,47.3
Lavern,12933.400000000003
Lawyer,217.29999999999998
Layton,3469.9999999999995
Brown,804.5000000000001
Newell,3624.2999999999993
Carter,98933.59999999999
Lucas,189548.59999999998
Ransom,1229.1
Bee,392.2999999999999
Meyer,4983.700000000001
Paris,6845.299999999999
Byrd,208.60000000000002
Deforest,40.8
Dolph,89.4
Harper,1590.2999999999997
Jule,305.4
Lambert,2736.4
Margaret,4078.3999999999996
Ocie,1780.9999999999998
Orange,248.0
Reece,14873.699999999999
Roe,101.5
Ambers,16.0
Bessie,402.40000000000003
Collins,507.9
Elbridge,70.8
Eldon,34696.299999999996
Elvis,19321.500000000004
Gaston,2552.6
Guadalupe,30886.5
Hartwell,28.0
Knox,500.4
Lue,54.8
Manning,132.8
Ola,157.39999999999998
Reed,29923.300000000007
Sampson,617.6999999999999
Samual,203.8
Thos,66.0
Todd,296006.50000000006
Tommy,221135.40000000002
Unknown,9110.9
Wirt,30.0
Woodie,416.09999999999997
Alice,1040.7
Alvis,5881.4000000000015
Ammon,149.60000000000002
Boss,214.0
Cas,14.0
Cass,50.0
Chalmer,772.3
Denton,706.5
Elsworth,54.0
Erving,14.0
Fredric,9664.799999999997
Furman,1969.3999999999996
Helen,3933.4999999999995
Pearlie,87.39999999999999
Plummer,50.099999999999994
Presley,43.5
Rollo,146.39999999999998
Roswell,313.29999999999995
Ruffus,28.0
Sheldon,45020.899999999994
Tilman,26.0
York,14.0
Acie,197.10000000000002
Alfonso,48843.29999999997
Ashton,58103.29999999999
Burke,139.0
Cap,61.7
Casimiro,12.0
Collie,218.89999999999998
Curley,974.4
Dale,358626.4000000001
Dixon,12.0
Dominick,72221.59999999998
Garret,13898.1
Gerrit,239.3
Griffin,32248.199999999997
Hall,51.199999999999996
Heber,536.9
Hurley,957.9
Isidore,4006.899999999999
Lorenza,2052.6000000000004
Marian,102.19999999999999
Maud,22.0
Maude,172.7
Murphy,4615.2
Obe,12.0
Orla,100.2
Orlo,108.6
Orrie,91.8
Sebastian,105683.7
Starling,74.7
Tolbert,74.39999999999999
Whit,85.60000000000001
Adrien,3670.8999999999996
Alto,110.5
Angelo,92803.19999999998
Antone,4679.599999999999
Arden,7343.7
Atticus,2530.0
Belton,57.300000000000004
Bertha,556.7000000000002
Blair,15731.699999999999
Burrell,216.79999999999998
Callie,157.79999999999998
Campbell,564.1999999999999
Champ,92.6
Coley,115.5
Conway,123.60000000000001
Craig,340946.49999999994
Dalton,95594.09999999999
Darrell,190983.10000000006
Darwin,28769.799999999996
Dennie,2953.7
Ebb,106.7
Ebbie,24.0
Edna,508.19999999999993
Ellison,90.2
Elonzo,10.0
Emit,36.0
Emry,10.0
Ephram,22.0
Esequiel,10.0
Essie,395.4
Esta,10.0
Evertt,49.0
Garner,263.6
Garnett,3951.7
Graham,35253.90000000001
Gregg,39746.6
Halbert,26.2
Harvie,501.6
Harvy,98.9
Hubbard,112.1
Jared,235244.10000000006
Jere,4364.799999999999
Joesph,17016.399999999998
Johnathan,103189.49999999999
Juluis,48.599999999999994
Kirby,16074.100000000002
Kyle,571621.0
Lane,34486.5
Lawerence,5560.2
Less,51.400000000000006
Linwood,16127.000000000004
Louise,1513.0
Lowell,56428.5
Loy,4732.8
Lucy,67.3
Manly,10.0
Mannie,191.70000000000002
Marcel,19400.900000000005
Marius,10.0
Marrion,10.0
Mercer,10.0
Monte,23264.8
Montgomery,554.6
Nolan,74187.3
Okey,387.5
Page,40.4
Philo,10.0
Primus,10.0
Prosper,10.0
Pryor,10.0
Rene,57607.1
Robin,49627.200000000004
Roll,10.0
Seward,61.0
Shannon,53717.200000000004
Talmage,476.2999999999999
Vaughn,23526.800000000003
Verner,1627.9999999999998
Waverly,145.1
Weldon,17833.9
Wells,22.0
Wiliam,10.0
Wing,10.0
Wood,22.0
Wright,313.49999999999994
Add,38.4
Adelard,75.9
Cleve,5079.300000000001
Linus,912.0
Martha,476.0
Reinhold,1076.9999999999998
Junior,55599.899999999994
Ace,1950.6999999999998
Armstead,53.99999999999999
Benedict,7787.499999999999
Brice,15088.400000000001
Gibson,33.099999999999994
May,175.39999999999998
Mills,40.0
Adolfo,17905.8
Alanzo,14.0
Antoine,27553.59999999999
Ethan,388834.7
Eustace,28.0
Ewing,172.70000000000002
Fernand,785.4000000000001
Fisher,1469.9999999999998
Gail,12398.100000000002
Harland,6177.0999999999985
Hilary,572.4000000000001
Hosie,154.0
Lemon,332.8999999999999
Lora,47.099999999999994
Marsh,14.0
Newman,588.3000000000001
Nickolas,45298.90000000001
Olie,92.49999999999999
Pearley,14.0
Roman,52402.89999999999
Rome,69.1
Rowland,3818.3999999999996
Shelly,213.7
Vicente,20510.699999999997
Weston,25464.399999999998
Alan,410060.5999999999
Alberto,69048.7
Alexis,69257.89999999998
Auguste,12.0
Bascom,211.7
Cameron,284539.1
Camille,121.8
Clabe,12.0
Cooper,54507.99999999999
Domingo,15053.500000000002
Elwin,6145.500000000002
Emilio,38564.7
French,200.99999999999997
Gerhard,1222.6
Hansford,12.0
Jarvis,17556.3
Jobe,24.0
Josephus,86.60000000000001
Landon,111675.29999999999
Lennie,1166.1999999999998
Leonidas,677.0999999999999
Lesley,3696.5
Lillian,656.9000000000001
Linn,23.4
Littleton,27.2
Lone,12.0
Margarito,3167.3999999999996
Mattie,303.29999999999995
Melton,4708.799999999999
Ott,23.4
Randle,1095.0
Seaborn,68.5
Severt,25.299999999999997
Steward,54.39999999999999
Sylvanus,51.2
Theadore,4510.8
Theophile,53.2
Vester,2573.2000000000003
Wenzel,12.0
Alby,10.0
Alcee,10.0
Almond,32.0
Alvy,32.0
Amon,44.1
Ansel,540.1999999999999
Bayard,20.0
Benny,59988.80000000002
Bluford,31.4
Booker,14401.300000000003
Burnett,122.69999999999999
Burney,68.4
Caswell,10.0
Claudie,3645.4000000000005
Conley,1009.3
Cortez,9101.899999999998
Dionicio,20.0
Donnie,71376.49999999999
Eldred,3994.6000000000004
Ell,10.0
Ellery,139.1
Ellwood,1954.9000000000003
Elva,86.0
Emmit,2319.0999999999995
Erle,44.699999999999996
Essex,35.2
Ewell,1613.0
Ewin,20.0
Fabian,36958.299999999996
Florencio,24.0
Fremont,21.4
Gaines,20.0
Garnet,841.8
Gaylord,8033.099999999999
German,8833.300000000001
Greene,10.0
Brady,90084.7
Festus,42.0
Jewell,5475.900000000001
Odell,19132.0
Rosco,154.9
Bernice,4451.1
Chauncy,25.4
Delmer,10090.4
Effie,150.8
Ellie,329.5
Jimmy,358267.2
Lars,2131.6
Milas,14.0
Miner,52.599999999999994
Rogers,8531.2
Sarah,1529.2
Wess,27.299999999999997
Woody,2797.4
Bryan,423971.80000000005
Douglass,4783.299999999999
Hilton,7547.300000000003
Irvine,41.4
Isidor,41.2
Jeptha,12.0
Mabel,292.1
Malcom,1638.8000000000002
Mell,39.4
Olof,25.299999999999997
Robt,41.5
Ronald,1374011.0
Simpson,94.9
Spurgeon,306.09999999999997
Tandy,31.0
Thurlow,12.0
Toy,121.3
Winston,30463.699999999997
Zeno,84.0
Alphonsus,102.3
Alvan,171.60000000000002
Amado,76.0
Ananias,20.0
Ancel,32.0
Atlas,21.4
Banks,35.5
Barry,216077.80000000005
Blake,174381.4
Blanchard,10.0
Bose,10.0
Captain,26.0
Ceasar,24.4
Chance,44952.299999999996
Chancey,20.0
Charle,10.0
Clide,20.8
Dink,21.4
Ella,227.99999999999994
Emett,10.0
Erick,73204.8
Estill,91.1
Fenton,115.6
Gale,16714.5
Gay,163.29999999999998
Grove,10.0
Hanson,10.0
Harlie,47.4
Harlow,246.10000000000002
Haskell,4133.700000000001
Ingram,21.4
Iva,68.4
Jep,10.0
Joy,991.7
Lessie,59.099999999999994
Lillie,273.0
Linton,268.9
Linzy,10.0
Little,56.5
Loney,36.4
Loring,38.5
Lovie,10.0
Lute,10.0
Mace,28.0
Matthias,2380.7999999999997
Meredith,4878.699999999999
Benjamen,513.1999999999999
Jens,79.99999999999999
Oakley,656.1
Whitney,4256.299999999999
Donaciano,16.0
Hayward,5758.799999999999
Loran,3373.1
Love,178.6
Son,460.99999999999994
Tollie,64.4
Vollie,16.0
Bonnie,4963.499999999998
Catherine,81.6
Ebenezer,14.0
Ewald,649.0
Herb,1088.1
Julia,172.8
Silvester,46.4
Stafford,101.6
Sullivan,2854.8
Thurston,1579.5
Wayman,586.0999999999999
Wes,1742.5
Winnie,27.299999999999997
Burrel,24.0
Cleon,1795.8999999999999
Dozier,23.4
Elden,6105.099999999999
Fulton,292.29999999999995
Helmer,351.49999999999994
Hill,45.099999999999994
Hjalmer,49.9
Ignatz,12.0
Kelley,4081.5000000000005
Marlin,24496.399999999994
Moody,90.89999999999999
Myrtle,220.29999999999998
Namon,25.299999999999997
Odin,573.4
Odis,10554.900000000001
Oley,12.0
Osborn,12.0
Osie,88.39999999999999
Prentice,529.5999999999999
Purl,26.0
Roby,82.10000000000001
Shep,12.0
Simmie,40.5
Stanislaus,211.2
Vander,28.0
Zollie,119.6
Abb,30.9
Ah,22.0
Aleck,59.5
Beecher,75.9
Blain,10.0
Bowman,10.0
Bunk,10.0
Burgess,21.4
Carol,11554.599999999999
Charly,31.4
Clell,88.5
Cody,342628.3999999999
Lamar,38934.900000000016
Worley,20.0
Arley,1495.2
Nicolas,89295.09999999999
Terence,37058.50000000001
Claire,2265.2
Earley,81.2
Elzy,40.699999999999996
Fielding,16.0
Gertrude,318.5
Nora,181.7
Norton,2237.6000000000004
Clemens,1202.8999999999999
Earlie,1489.5
Ellen,25.4
Epifanio,30.0
Glover,153.79999999999998
Lark,14.0
Laurance,91.39999999999999
Leigh,3857.7999999999997
Braxton,26740.299999999996
Cleave,79.6
Colon,24.0
Constantine,3122.8000000000006
Dominic,155208.90000000002
Emiliano,11194.3
Fleet,12.0
Franklyn,5119.799999999999
Hobart,4601.599999999999
Josephine,180.00000000000003
Laverne,18870.999999999996
Lillard,27.2
Lim,12.0
Merlin,18516.8
Milan,3989.5
Nim,12.0
Norbert,28662.700000000004
North,12.0
Orland,1569.5
Orvis,12.0
Reason,12.0
Rob,7461.9
Virge,12.0
Zenas,12.0
Ada,132.6
Alejandro,142128.7
Atha,10.0
Audie,2186.9
Boyce,6251.900000000001
Brent,155378.6999999999
Burdette,1244.2000000000003
Cash,7362.7
Chase,153053.9
Clive,297.9
Courtney,23292.899999999998
Cris,1420.5
Dawson,30732.100000000002
Drury,10.0
Duane,143503.70000000004
Elon,10.0
Estevan,7294.899999999999
Fitzhugh,146.6
Fount,10.0
Gray,62.8
Terrence,82346.20000000001
Bartley,164.2
Shedrick,270.2
Dixie,49.3
Ignacio,21004.1
Merl,2549.7999999999997
Nehemiah,8150.5999999999985
Norwood,2941.1
Raphael,20266.700000000004
Reno,928.8999999999999
Rudy,58008.2
Rueben,1561.8999999999999
Sylvan,2341.6
Virgle,2121.9
Charls,23.4
Cole,136542.2
Elby,12.0
Ferman,23.4
Fern,60.3
Florian,3603.2999999999993
Fuller,12.0
Gorden,770.6999999999999
Gussie,188.6
Ham,12.0
Hazel,3130.2999999999997
Ignatius,2763.2999999999997
Joaquin,24653.100000000002
Lacey,12.0
Laurie,116.4
Lilburn,12.0
Lovell,324.6
Lovett,12.0
Malvin,1358.1000000000001
Manson,27.2
Pratt,12.0
Reid,27942.0
Ruffin,12.0
Tomie,201.2
Vince,8420.5
Wayland,1685.3999999999999
Acey,10.0
Alger,68.3
Algernon,10.0
Amasa,10.0
Amil,10.0
Barrett,11371.900000000001
Britt,2580.5
Burns,32.8
Calhoun,10.0
Christy,23.299999999999997
Cletus,9709.7
Colbert,10.0
Courtland,184.89999999999998
Myles,35594.09999999999
Irl,149.09999999999997
Benson,575.9
Norval,2584.7999999999997
Armond,1922.4
Frazier,165.89999999999998
Thompson,59.699999999999996
Alfredo,63121.600000000006
Grady,54190.29999999999
Lorenz,73.6
Peyton,43130.09999999999
Seldon,40.599999999999994
Ethelbert,12.0
Eva,223.9
Gilman,12.0
Henri,67.0
Iver,80.0
Laura,253.1
Leonce,37.3
Mamie,40.5
Orion,8398.8
Ottie,38.599999999999994
Rudolf,1678.4000000000003
Selmer,261.4
Shepherd,12.0
Yancy,452.20000000000005
Abbie,19.5
Agnes,204.70000000000002
Arnie,171.3
Arvin,2857.7999999999997
Blanche,118.39999999999999
Bliss,10.0
Cassie,10.0
Dewey,48122.69999999999
Diego,102172.99999999999
Dorr,10.0
Edmon,68.89999999999999
Estes,37.3
Gilford,10.0
Graves,10.0
Hillery,10.0
Laurel,906.8
Carlisle,67.39999999999999
Hughie,378.50000000000006
Orvel,175.3
Angel,228434.19999999998
Horton,29.299999999999997
Lena,55.199999999999996
Marie,648.1
Waymon,4971.599999999999
Arno,442.5999999999999
Burnie,61.49999999999999
Elgie,14.0
Fannie,70.5
Felton,7438.700000000002
Keith,505071.30000000005
Maxie,5274.499999999999
Nils,14.0
Sie,25.4
Sonny,17565.0
Vere,14.0
Virgie,33.8
Benjman,12.0
Bernardo,9055.699999999999
Casey,126328.0
Celestino,12.0
Cephus,52.2
Della,12.0
Hart,12.0
Hillary,29.099999999999998
Hilmer,12.0
Holland,90.3
Jacques,7232.8
Johny,1071.8
Jordon,15148.400000000001
Julien,7402.299999999999
Julio,67904.20000000003
Kay,4192.5
Le,12.0
Leeroy,3669.7000000000003
Liston,12.0
Lott,12.0
Doyle,40398.50000000001
Gerard,72410.7
Alfonzo,3205.1
Carlie,97.5
Branch,14.0
Bush,14.0
Elgin,1419.6999999999998
Federico,6127.0999999999985
Franz,152.7
Governor,14.0
Maury,458.0
Nancy,1577.7
Salvatore,73924.1
Werner,2961.0
Edw,12.0
Ernesto,48950.19999999999
Fed,12.0
Foy,1400.0
Galen,18660.4
Genie,26.4
Hjalmar,12.0
Lawton,200.29999999999998
Levin,12.0
Lish,23.4
Pascal,49.099999999999994
Posey,25.299999999999997
Redmond,12.0
Rosendo,1235.1
Talmadge,5874.000000000001
Winford,5301.1
Abie,10.0
Alta,36.599999999999994
Alver,10.0
Anatole,10.0
Bobbie,24341.5
Boone,10.0
Buell,46.099999999999994
Claiborne,10.0
Loyal,4192.500000000001
Eduardo,113569.79999999997
Maggie,65.5
Needham,30.4
Mansfield,35.099999999999994
Ras,30.4
Guilford,15.2
Sing,33.2
Xavier,119194.4
Charlton,309.3
Eula,27.7
Mckinley,9344.099999999999
Polk,13.299999999999999
Shellie,58.0
Bentley,1438.4
Claudius,26.599999999999998
Conard,11.399999999999999
Cornell,10355.600000000002
Ester,77.89999999999999
Esther,177.6
Mae,113.5
Mildred,1165.7
Neely,11.399999999999999
Owens,24.699999999999996
Rance,11.399999999999999
Red,11.399999999999999
Robbie,20247.100000000002
Sigurd,84.79999999999998
Teddy,39314.00000000001
Val,5449.099999999999
Almus,9.5
Sheridan,254.09999999999997
Lorin,4409.1
Carmine,13793.0
Jonnie,2433.6000000000004
Kent,79746.1
Murl,1219.3
Ricardo,156643.89999999997
Wilfrid,723.6000000000001
Adlai,60.8
Buddie,508.2
Burk,11.399999999999999
Dessie,11.399999999999999
Edison,4575.499999999999
Gifford,74.2
Goldie,86.19999999999999
Hurbert,24.0
Iverson,11.399999999999999
Job,11.399999999999999
Leamon,2009.8000000000002
Olive,24.699999999999996
Powell,11.399999999999999
Rexford,690.5999999999999
Roma,25.799999999999997
Romie,147.1
Vick,11.399999999999999
Waldemar,473.79999999999995
Zebulon,420.0
Alferd,20.9
Algot,9.5
Alphons,9.5
Audley,59.3
Barnard,9.5
Berkley,9.5
Bethel,26.599999999999998
Caroline,9.5
Corbett,191.89999999999998
Ruth,3209.2
Fidel,11290.699999999999
Guillermo,33227.700000000004
Murry,2730.8999999999996
Reubin,28.5
Rocco,28515.7
Samson,4251.4
Westley,2808.6000000000004
Alba,13.299999999999999
Irene,268.40000000000003
Murdock,13.299999999999999
Nolen,13.299999999999999
Royce,29856.299999999992
Ruel,178.2
Willaim,13.299999999999999
Beryl,2606.6000000000004
Beulah,11.399999999999999
Burleigh,11.399999999999999
Carrol,8321.800000000001
Con,11.399999999999999
Dillon,72647.40000000001
Ebert,11.399999999999999
Encarnacion,24.699999999999996
Cedric,44005.1
Estel,2602.2
Mayo,100.1
Shelley,92.4
Thorwald,15.2
Durward,3008.0
Luster,100.60000000000001
Arnett,32.3
Aubra,11.399999999999999
Avon,11.399999999999999
Bolden,11.399999999999999
Dannie,9068.3
Elex,44.5
Ferris,284.0
Jeffie,11.399999999999999
Lexie,11.399999999999999
Link,11.399999999999999
Moises,26165.800000000003
Myer,484.6
Carlyle,3395.2999999999993
Arvel,1912.0
Erby,15.2
Floy,41.0
Hughey,15.2
Ovid,31.4
Alston,13.299999999999999
Audrey,2341.7999999999997
Buddy,28089.3
Clemmie,13.299999999999999
Clemon,24.699999999999996
Dorothy,4900.700000000001
Einar,585.8
Gurney,37.3
Hebert,13.299999999999999
Hezzie,13.299999999999999
Kurt,95050.60000000002
Lois,3147.7999999999997
Lula,61.199999999999996
Mearl,85.30000000000001
Oddie,13.299999999999999
Ramsey,1714.2000000000003
Vinton,13.299999999999999
Zed,13.299999999999999
Audy,11.399999999999999
Barnie,39.0
Donat,11.399999999999999
Emmons,11.399999999999999
Erich,10278.9
Esley,11.399999999999999
Eston,47.4
Roosevelt,50168.8
Hartley,37.0
Jennings,4038.4999999999995
Hobert,7379.9
Montie,97.5
Rae,15.2
Arvil,2887.6
Casimer,2259.7999999999997
Elwyn,3617.6000000000004
Evander,13.299999999999999
Gaither,13.299999999999999
Grafton,13.299999999999999
Guthrie,13.299999999999999
Jettie,13.299999999999999
Lannie,511.8
Lea,13.299999999999999
Moe,406.09999999999997
Nestor,8325.7
Ovila,13.299999999999999
Reynold,4770.000000000001
Reynolds,25.9
Susie,13.299999999999999
True,13.299999999999999
Alwin,11.399999999999999
Casimir,5336.9
Vergil,1038.2
Hazen,61.9
Sigmund,2720.6999999999994
Saint,32.3
Silver,19.0
Eugenio,489.79999999999995
Lisle,17.099999999999998
Milburn,1917.8999999999999
Carmen,20495.9
Orris,47.6
Rayford,6275.9
Raymon,6998.100000000001
Virgel,15.2
Aloys,13.299999999999999
Cam,13.299999999999999
Hale,13.299999999999999
Nile,27.7
Offie,13.299999999999999
Opal,145.3
Rosa,13.299999999999999
Wardell,3763.7999999999997
Willy,13.299999999999999
Acy,11.399999999999999
Arthor,11.399999999999999
Boysie,11.399999999999999
Britton,1797.7
Oris,801.4999999999999
Gladys,400.90000000000003
Georgia,30.4
Bryon,14038.299999999994
Elvie,29.5
Frankie,48310.200000000004
Mario,164815.80000000002
Pasquale,12354.999999999998
Rhoda,13.299999999999999
Rossie,31.299999999999997
Sherwood,6628.400000000001
Buel,129.0
Clearence,401.0
Dabney,11.399999999999999
Diamond,11.399999999999999
Dorris,852.8000000000001
Everet,25.799999999999997
Ezell,2068.4
Hobson,124.10000000000001
Admiral,104.6
Shafter,26.599999999999998
Maceo,61.599999999999994
Schley,19.0
Ewart,17.099999999999998
Patsy,11088.3
Arba,15.2
Orvil,1801.4999999999995
Adams,13.299999999999999
Collier,13.299999999999999
Gayle,6297.6
Gladstone,13.299999999999999
Hilario,346.20000000000005
Kathryn,13.299999999999999
Mickey,30719.0
Odus,43.9
Vernal,210.89999999999998
Von,3011.0
Haven,17.099999999999998
Williard,313.3
Stephan,29203.699999999993
Collis,31.299999999999997
Griffith,13.299999999999999
Jethro,62.599999999999994
Vic,643.4
Viola,33.1
Baker,11.399999999999999
Beatrice,143.3
Bynum,11.399999999999999
Colvin,11.399999999999999
Doris,4005.3999999999996
Elizah,11.399999999999999
Eunice,195.7
Leighton,392.8
Linnie,42.0
Lizzie,11.399999999999999
Rosevelt,3879.600000000001
Farris,1140.8000000000002
Lemmie,39.6
Estell,18.0
Goebel,18.0
Tallie,18.0
Arlo,3366.0999999999995
Artis,5046.1
Collin,80204.30000000003
Eddy,12473.0
Hester,27.0
Lauren,5374.300000000001
Lupe,6719.799999999999
Ozie,75.69999999999999
Salvador,55061.39999999999
Santos,19013.400000000005
Schuyler,1274.4
Arturo,61227.60000000002
Donovan,59052.099999999984
Kermit,22628.60000000001
Eino,758.7
Olan,1284.8
Danny,337755.8
Lola,27.0
Esco,12.6
Josef,7415.199999999998
Lance,114805.29999999996
Leona,34.699999999999996
Mathews,12.6
Ova,12.6
Pate,12.6
Regis,4922.200000000001
Rosario,4047.4
Vito,16408.800000000003
Adron,25.200000000000003
Ancil,10.8
Arland,492.7
Buren,10.8
Erland,10.8
Johney,58.199999999999996
Clarnce,43.199999999999996
Garvin,99.4
Agustin,15738.400000000001
Nathen,3793.899999999999
Oneal,1485.5
Verna,14.4
Victoriano,14.4
Doll,12.6
Georgie,12.6
Heyward,88.5
Ivor,12.6
Myrl,103.6
Beckham,690.0
Thedore,75.6
Thelma,195.2
Trinidad,2954.4
Verl,2667.3
Evelyn,199.6
Hershell,266.4
Marty,33161.00000000001
Roberto,123390.00000000001
Teddie,14.4
Terrell,39432.0
Hilbert,1777.6000000000001
Lenon,12.6
Lenord,404.2
Ozzie,12.6
Porfirio,177.2
Sammy,52490.299999999996
Rayfield,37.8
Waino,37.8
Clemence,16.2
Harm,16.2
Jamie,91159.19999999998
Vincenzo,2617.4
Welton,1028.9
Adrain,1721.2
Arbie,14.4
Betty,4075.5000000000005
Bobby,402524.4000000001
Desmond,30155.200000000008
Domenic,10545.599999999997
Duard,14.4
Raul,97899.40000000001
Severo,14.4
Tobie,14.4
Council,12.6
Domenick,3047.2
Darrel,36088.299999999996
Graydon,19.8
Fredie,18.0
Eliot,1104.6
Hoke,116.89999999999999
Pauline,52.7
Tyree,13804.099999999997
Arne,988.3000000000002
Bell,14.4
Carlo,16950.1
Hansel,89.2
Jiles,14.4
Leonardo,46807.19999999999
Quentin,44787.6
Toby,34483.099999999984
Verlin,4263.400000000001
Winthrop,137.7
Domenico,87.69999999999999
Harrold,18.0
Lucille,81.5
Ryan,1039073.4
Benard,16.2
Quinton,31085.0
Rodolfo,38548.2
Armando,82860.70000000001
Delmas,1078.0
Denzil,3470.7
Luciano,4672.000000000001
Lyndon,4953.0
Vera,14.4
Taft,387.0
Delphin,23.400000000000002
Rodger,25677.9
Woodrow,56577.899999999994
Burnice,87.7
Giovanni,53799.2
Americo,2427.8
Ardell,1487.9
Delmus,16.2
Gilmer,16.2
Lucio,319.4
Mariano,4638.300000000001
Ogden,16.2
Oland,16.2
Prentiss,82.0
Samie,16.2
Aime,14.4
Hadley,54.0
Francesco,4203.2
Toivo,407.2
Robley,21.6
Verle,1209.0
Farrell,3463.7000000000003
Levie,18.0
Nathanial,10673.899999999998
Reyes,903.6999999999998
Eleanor,16.2
Emmanuel,67564.19999999998
Esker,16.2
Florentino,166.60000000000002
Gaetano,1920.3999999999999
Guido,3077.8
Aurelio,3112.6000000000004
Curtiss,4402.0
Othel,19.8
Santo,3667.2
Harrell,1398.8999999999999
Lenwood,695.1
Leopoldo,1823.5
Dante,42330.8
Ann,20.4
Halley,20.4
Reino,407.99999999999994
Carmelo,6616.699999999999
Wyman,1027.3999999999999
Silvio,1584.4
Colie,66.3
Alfonse,275.6
Aldo,15240.100000000002
Amerigo,22.099999999999998
Enrico,1110.7
Gasper,103.69999999999999
Attilio,328.1
Woodroe,600.0999999999999
Nunzio,1196.0
Burnell,1940.1999999999998
Erling,421.79999999999995
Gilberto,32090.89999999999
Glendon,3953.1000000000004
Larue,39.1
Masao,1143.5
Nevin,405.09999999999997
Armin,173.39999999999998
Tyrus,108.79999999999998
Kendall,38503.8
Garold,2473.6
Gennaro,51.0
Cosmo,294.0
Luigi,249.6
Hymen,45.9
Donato,210.6
Melbourne,44.199999999999996
Merwin,1210.5000000000002
Winton,742.1000000000001
Gino,10790.500000000002
Glenwood,780.0
Geno,59.5
Glynn,4863.699999999999
Nello,217.4
Durwood,2712.4
Gilmore,54.4
Saverio,54.4
Garth,10454.600000000002
Hiroshi,1084.5
Arlin,2811.7
Yoshio,1022.5000000000002
Arvo,73.1
Deward,335.4
Hughes,103.7
Tatsuo,96.89999999999999
Jerald,30937.1
Zigmund,348.5
Gerhardt,76.5
Lynwood,3798.6999999999994
Berlin,71.39999999999999
Merlyn,3871.1000000000004
Pershing,766.7
Hideo,265.8
Normand,7356.8
Orvin,76.5
Joyce,2658.8
Minoru,231.5
Foch,98.6
Bryce,114674.8
Carmel,83.3
Marco,74739.40000000001
Winifred,79.89999999999999
Dewayne,27953.999999999996
Edsel,3697.7000000000007
Quinten,5668.1
Kiyoshi,638.9
Therman,83.3
Kazuo,257.6
Metro,81.6
Laddie,79.89999999999999
Harding,985.6000000000001
Kennith,10976.599999999999
Eloy,6179.199999999999
Daryl,70980.10000000002
Rayburn,1197.1999999999998
Jon,191009.1999999999
Marcos,51978.5
Kevin,1301888.3
Harden,129.6
Delton,3397.5
Reynaldo,22387.000000000004
Donal,3021.0000000000005
Toshio,182.40000000000003
Dwayne,82355.30000000002
Zane,41898.69999999999
Luverne,262.40000000000003
Jackie,100136.60000000002
Ramiro,27891.499999999996
Harlen,950.4
Deane,1409.9
Dwain,7832.000000000001
Boris,718.6
Dorman,814.8
Coolidge,254.40000000000003
Refugio,1623.6
Darold,4174.5999999999985
Donn,7303.499999999999
Faustino,302.90000000000003
Brian,1291457.1000000003
Melvyn,4128.599999999999
Esteban,29494.999999999996
Freddy,30166.99999999999
Virginia,1283.6
Marlyn,1763.1
Ken,34829.399999999994
Gearld,4694.9
Dwaine,3873.5999999999995
Valentino,1300.4
Lindy,958.4
Lindbergh,299.2
Shoji,129.6
Denny,15728.3
Gonzalo,9494.3
Jorge,142545.7
Jerrold,9154.0
Akira,86.4
Maria,1516.1000000000001
Hoover,1038.8000000000002
Jerold,7849.9
Arlen,6069.0
Ronnie,220906.89999999997
Marcelino,1951.8000000000002
Verlyn,506.5
Ismael,35855.899999999994
Fidencio,81.60000000000001
Dolores,641.7
Adan,24114.199999999997
Davey,784.4000000000001
Derald,926.6
Barbara,4609.8
Humberto,17969.700000000004
Joan,3309.0
Sherwin,918.9
Lavon,881.0
Duwayne,3109.6
Genaro,3796.600000000001
Kenny,57723.2
Rogelio,26626.199999999993
Rolf,1843.1
Arnulfo,2977.6000000000004
Gerry,15632.800000000001
Derl,85.5
Gerold,2242.4999999999995
Arlan,1922.0000000000002
Patricia,5049.5
Dino,6389.8
Wally,4328.0
Allyn,1229.2
Monty,15174.7
Dickie,5100.2
Jan,24864.3
Arlis,319.8
Kaye,231.0
Kenton,8673.6
Sherrill,1151.1
Darl,67.5
Raymundo,8001.199999999999
Delano,2346.2
Terrance,77993.60000000003
Ronny,14704.0
Chuck,19038.0
Orlin,72.0
Gloria,342.0
Darryl,102282.10000000002
Marc,155930.29999999996
Sal,2041.6000000000004
Stan,8666.900000000001
Cordell,9017.6
Darvin,938.4000000000001
Mervyn,444.0
Derrell,4108.7
Jame,1751.2
Jacky,4718.099999999999
Lanny,11260.8
Ron,39647.0
Marland,85.5
Arlyn,642.4999999999999
Jerrell,4537.3
Jeffrey,1087600.5
Valentin,5814.5999999999985
Kerry,55720.900000000016
Ferrell,266.9
Gaylon,2722.2000000000003
Jerrel,123.19999999999999
Darwyn,100.5
Dwane,1254.4
Randy,378406.2999999998
Ian,227188.9
Delwin,64.5
Gustavo,39453.899999999994
Verlon,207.0
Vernell,952.0
Delma,61.5
Windell,1610.3999999999999
Kim,41279.7
Errol,8015.700000000001
Reggie,10155.6
Geoffrey,60479.3
Mel,2974.9
Sergio,82037.70000000001
Del,3395.5
Donnell,13160.200000000003
Tyrone,88155.49999999999
Sharon,1503.6
Donny,12585.800000000001
Doug,24302.899999999998
Marilyn,67.5
Carolyn,635.8
Levon,892.8
Delvin,845.4
Janet,127.39999999999999
Ozell,63.0
Gaylen,843.3
Lamont,24561.800000000003
Tex,764.5
Lonny,6248.6
Autry,283.7
Rondal,379.4
Randal,31680.2
Dion,17285.7
Greg,84338.49999999999
Sandra,1466.5
Judith,903.5
Scotty,18233.799999999996
Ronal,91.5
Jeffery,253321.9999999999
Randell,9459.599999999999
Joey,55448.39999999997
Nicky,6657.2
Leonel,15487.399999999998
Harlon,66.0
Lawrance,642.3
Linda,3952.8
Barrie,485.79999999999995
Darnell,30491.600000000002
Isidro,4506.5
Wilkie,85.39999999999999
Rick,93500.9
Ricky,253331.8
Donna,1008.2
Janice,128.79999999999998
Javier,101958.5
Wendel,62.99999999999999
Erik,168796.09999999998
Lindell,874.3
Judy,452.20000000000005
Jeffry,15563.4
Karen,1502.8
Brendan,102483.80000000002
Darell,2283.7
Mcarthur,1444.3999999999999
Macarthur,281.4
Rickey,71086.90000000001
Rod,8377.0
Niles,355.4
Jeremy,479215.7
Susan,2076.8999999999996
Walt,608.0999999999999
Jaime,73894.5
Lary,464.09999999999997
Noe,21006.799999999996
Rocky,27422.40000000001
Derek,254425.20000000004
Les,2448.0
Terrill,2189.1000000000004
Russ,5028.3
Timmy,25845.2
Butch,2897.4
Sean,471171.79999999993
Linden,204.39999999999998
Roddy,990.3
Rickie,17634.800000000003
Lenny,4679.700000000001
Dane,33562.099999999984
Geary,1720.5000000000002
Eusebio,65.8
Garey,365.1
Lucky,65.8
Gerardo,55504.799999999996
Gil,2409.3999999999996
Richie,3490.3
Carnell,1708.6
Chad,260156.9
Rusty,17995.999999999996
Hank,5597.400000000001
Dorian,19253.600000000002
Rolando,24919.200000000008
Kip,6708.400000000001
Mikel,10409.099999999999
Jonathon,76046.50000000001
Stevan,1771.6
Kris,12864.4
Jody,31169.600000000002
Lyn,231.89999999999998
Zachary,628061.8000000002
Brett,180207.3
Patric,295.9
Rory,24506.999999999996
Rand,1761.5000000000002
Cornel,82.6
Robby,9229.8
Shawn,328471.69999999984
Skip,1134.9
Randel,2400.7
Jed,6494.0
Dirk,10132.8
Brock,42553.2
Deryl,135.1
Stevie,11765.3
Derrick,155106.20000000004
Jerel,1936.8
Cesar,76520.29999999999
Baron,2045.3
Christophe,3913.5
Kathleen,78.39999999999999
Stefan,19803.899999999998
Donell,2458.8
Corey,206504.0
Kelvin,53328.99999999999
Ezzard,261.3
Tod,6752.3
Shaun,75906.69999999998
Brant,7955.7
Scot,13473.100000000002
Efrain,18424.1
Stacey,12971.799999999997
Brandon,883384.2999999999
Marlon,30367.199999999993
Jory,1183.0
Layne,8216.5
Danniel,65.0
Michial,141.7
Ritchie,2268.9
Edwardo,4913.5999999999985
Kimberly,3353.7
Ricki,1370.3000000000002
Kurtis,18725.199999999997
Deborah,1089.0
Cory,144708.10000000006
Scottie,8382.6
Erasmo,74.10000000000001
Rudolfo,319.8
Lex,392.6
Rodrick,7268.999999999999
Daryle,1211.4
Greggory,4087.1999999999994
Darren,107252.4
Mikeal,79.3
Trent,54537.89999999998
Michal,639.7
Damian,69517.70000000001
Kimball,227.5
Theodis,153.4
Michale,1664.9
Wilfredo,8005.599999999999
Shane,207561.69999999998
Robbin,972.8000000000001
Kraig,5073.400000000001
Kirt,2674.2
Chip,2340.8
Randolf,152.10000000000002
Bret,32012.199999999997
Antony,9707.5
Bradly,8701.000000000002
Faron,1467.8000000000002
Blaise,3348.4000000000005
Alvaro,14710.599999999997
Ricci,122.2
Dusty,9865.5
Debra,687.3000000000001
Rock,1284.5
Keven,8672.699999999999
Gavin,156974.4
Kevan,958.4000000000001
Blane,1314.5
Demetrius,36807.50000000001
Rahn,85.8
Barron,1116.2
Heriberto,8944.2
Jude,16783.5
Levern,153.4
Darcy,1039.3000000000002
Micky,665.9
Kennard,72.8
Davy,509.40000000000003
Tad,5281.700000000002
Rhett,11634.1
Ty,48250.2
Mitch,3516.6
Jefferey,2588.8000000000006
Dann,336.70000000000005
Timmothy,2471.6000000000004
Broderick,7397.4
Derwin,1924.9
Chet,3685.0999999999995
Quintin,14588.0
Timmie,1919.4
Tab,532.7
Tracey,6746.8
Jace,30941.499999999996
Kem,85.8
Brion,657.6
Andrea,4349.4
Cynthia,593.4
Kennth,739.1
Renaldo,538.5
Desi,142.4
Renard,191.4
Trevor,181758.9
Kenney,509.40000000000003
Brien,1584.8
Cheyenne,245.7
Derick,20118.600000000006
Robb,2032.8
Devin,175656.09999999998
Kerwin,472.3
Grayling,154.7
Wayde,661.5
Maverick,6129.400000000001
Tobin,1588.5
Kristopher,68136.20000000001
Keenan,18114.5
Diane,80.60000000000001
Cheryl,78.0
Reinaldo,1337.1999999999998
Jamey,5416.6
Darrin,29818.299999999996
Flint,214.70000000000002
Darin,32973.5
Daren,8413.8
Efrem,417.5
Kieth,645.5
Micah,76693.4
Andra,1268.6
Chaim,7059.700000000001
Raynard,848.6
Leif,3352.3000000000006
Kennedy,3849.9999999999995
Lisa,1861
Darrick,6566.599999999999
Darry,389
Quinn,29231.899999999998
Roel,772
Darron,4227.8
Darryle,460
Stephon,7474.6
Brenda,256
Darryll,180
Devon,82362.3
Arnoldo,617
Kory,14694.800000000001
Regan,666
Brook,1528
Shayne,10568.500000000002
Lorne,1694
Parrish,1119
Drake,30071.4
Norberto,1181.2
Kalvin,1038.3000000000002
Pernell,890
Thor,400
Markus,13480.7
Osvaldo,14111.800000000001
Anibal,253
Daron,5526.000000000001
Deon,14462.299999999997
Edgardo,4023.7999999999993
Geoff,126
Tammy,513
Jayson,30755.5
Rodrigo,22178.199999999997
Tyron,5992.8
Dwyane,59
Stoney,737
Tal,86
Jaimie,172
Trenton,58717.50000000001
Andreas,6383.700000000001
Vinson,408
Pamela,123
Erin,7937.0999999999985
Mauricio,20280.9
Rigoberto,11216.1
Roderic,182
Destry,149
Deron,3521.7
Fitzgerald,183
Quint,143
Kipp,367
Trey,41426.299999999996
Kendrick,25713.100000000002
Deric,2716.7
Terance,180
Antonia,1115
Shon,2858
Daryn,289
Darien,9256.300000000001
Darryn,137
Trace,9693.8
Darian,15480.200000000003
Dario,7072.5
Chadwick,12224.800000000001
Brain,3940.8
Reginal,479
Heath,28328.100000000006
Jarrod,27507.0
Michelle,1780.6000000000001
Illya,133
Brenton,14299.0
Michele,478
Dylan,375688.20000000007
Efren,6538.700000000001
Arron,6567.7
Tyson,38735.4
Cedrick,4285.1
Dereck,3463.8
Brennan,31526.100000000006
Jerrod,9346.999999999998
Garrick,3470.4
Jennifer,4125.4
Angela,636
Claudio,506.8
Derik,3862.4999999999995
Octavio,9599.7
Alfie,119
Brendon,22302.899999999994
Kristian,19212.8
Shad,3159.8
Ariel,17543.5
Liam,80517.70000000001
Tina,57
Beau,27500.8
Giuseppe,1843.8000000000002
Franco,2295.0
Dustin,239668.40000000002
Jamal,35089.40000000001
Damien,53729.19999999999
Waylon,9366.0
Colby,56406.49999999999
Damion,17647.199999999997
Brenden,28096.199999999997
Korey,11458.4
Tye,396.6
Rico,6740.499999999999
Darby,627
Melissa,1732.0
Anthoney,60
Jade,4416.1
Lamonte,461
Shan,132
Johnathon,28597.5
Tory,5574.299999999999
Trever,5895.700000000001
Lazaro,2359.0000000000005
Jemal,205
Jamison,14135.9
Aric,6500.299999999998
Ari,9791.1
Donavan,7264.900000000001
Torrey,3659.7000000000007
Torrance,1206
Shanon,794
Chandler,34460.50000000001
Ali,22540.6
Corwin,255.2
Amy,650
Jameson,14392.6
Demetrios,277
Jasen,2417.8
Davin,9644.8
Cale,7641.2
Jermaine,44065.1
Malik,46942.600000000006
Jeromy,4179.4
Jammie,925
Che,571
Bronson,5709.0
Dax,2054.2
Brandt,1376.1999999999998
Kenyatta,1533
Antione,3084.5000000000005
Laron,2670.2999999999997
Antwan,12850.4
Branden,31794.900000000005
Dedric,692
Jayme,1730.6
Shea,7118.300000000001
Torrence,518
Kelsey,4029.300000000001
Kenyon,5430.700000000001
Kristin,305
Shay,1737.4000000000003
Corbin,25939.199999999997
Cristopher,10707.2
Jeramy,3521.000000000001
Braden,47974.899999999994
Kenya,930
Dedrick,1709.6000000000004
Tate,13263.2
Germaine,960
Nigel,12229.100000000002
Jerod,5276.0
Christoper,1547.6000000000001
Tristan,101502.7
Chadd,1272.0
Jarod,13288.4
Brannon,2579.7000000000003
Jeremey,2702.7000000000003
Deandre,30135.300000000003
Kiley,151
Donavon,1172.1999999999998
Sedrick,1164.2
Hassan,8591.1
Jamel,11363.100000000002
Jeramie,2631.0
Marcelo,4927.000000000001
Coby,8528.499999999998
Deshawn,16227.399999999996
Toriano,292
Kwame,1434.2
Kasey,12746.1
Demian,150
Kristofer,9269.8
Paulo,482.6
Donte,16826.0
Lashawn,882
Jarred,14750.6
Demond,3020.6
Kareem,14951.7
Vidal,251
Zachariah,26871.3
Jamar,16371.400000000001
Abdul,3050.9999999999995
Jermain,645.8
Tremayne,1739.8
Jeremie,3047.7999999999993
Marlo,313
Brandy,613
Josue,46221.4
Jabbar,77
Diallo,76
Kristoffer,2509.0000000000005
Tito,326
Damond,535
Nicole,672.4
Dameon,1052
Rahsaan,635
Nathanael,19456.8
Abelardo,68
Cade,25798.9
Vashon,172
Taurus,602
Chadrick,1116.6
Tarik,1408.4
Marcello,322.4
Dominique,25570.8
Donta,2457.1000000000004
Moshe,10335.900000000001
Zachery,35425.6
Jevon,2610.0
Stephanie,1049.8
Antwon,3973.7000000000003
Nakia,1235
Telly,912
Ahmad,16355.599999999997
Jamil,5756.599999999999
Toma,84
Trinity,697
Jereme,1403.4
Dejuan,3992.4000000000005
Jabari,7555.2
Ahmed,11707.3
Heather,235
Demarcus,13889.300000000003
Jered,2669.7
Rashad,16442.4
Kristen,139
Mauro,68
Benji,346
Tavares,1413.4
Marques,8074.1
Rasheed,2773.5
Jerad,3099.4999999999995
Corry,324
Cristobal,3895.9999999999995
Deangelo,11326.3
Karim,358
Sharif,234
Demarco,3763.1
Kareen,70
Rebecca,70
Raheem,5804.9
Marcell,67
Jamaal,7180.4
Jovan,9779.300000000001
Seneca,660
Jermey,1608.4
Torey,854.8
Hakim,90
Cortney,2265.3
Jamin,1033.8
Javon,17927.6
Zackary,34544.9
Ezequiel,10400.699999999999
Jerimy,75
Muhammad,8050.299999999999
Jameel,653.0
Brody,45202.299999999996
Dimitrios,72
Jaron,11999.9
Tanner,100295.8
Amir,19599.0
Taj,260.8
Torry,71
Levar,1047
Lavar,711
Kunta,215
Jedediah,1464.6
Jerimiah,1651.3999999999999
Kinte,104
Rashawn,4922.099999999999
Jeramiah,2251.7999999999997
Jessica,3035.9
Jedidiah,2376.7000000000003
Amin,87
Rian,256
Conor,22578.299999999996
Kaleb,71076.90000000001
Lydell,158
Davon,13965.699999999999
Samir,5328.700000000001
Zackery,20279.399999999998
Khalid,2903.4
Bo,8244.9
Cristian,65751.2
Demetric,75
Horacio,157
Bjorn,162
Anwar,774.8
Nicholaus,1342.8
Kenji,212
Nikolas,21201.5
Demario,4077.8
Johnpaul,1995.9999999999998
Nicklaus,1223.1
Jarret,1130.2
Kody,24858.899999999998
Antwain,383.8
Dequan,2618.0999999999995
Lukas,25546.9
Christina,668.1999999999999
Deshaun,4499.7
Juston,972.5999999999999
Hasan,83
Jeb,183.8
Amanda,1561.1999999999998
Andrae,597.4
Kendell,551.2
Tucker,28346.4
Keon,8303.099999999999
Garett,3907.1
Amit,1088.2
Omari,5266.499999999999
Tyrell,16731.600000000002
Mohammad,12387.0
Bryson,36997.0
Tyrel,2125.8
Tremaine,1357.1000000000001
Jarrad,299.4
Rustin,172
Kai,22014.899999999998
Justen,2771.7
Keegan,30325.6
Chaz,10689.9
Yoel,353.8
Jarad,828.0
Jessy,2661.4999999999995
Brandan,5104.3
Dustan,188.6
Isaias,10696.1
Kellen,12092.400000000003
Skyler,39687.3
Marchello,130.79999999999998
Mohammed,10830.3
Johathan,978.0
Adalberto,114.0
Connor,198584.6
Dontae,4153.6
Taurean,1166.3999999999999
Skylar,17963.000000000004
Mohamed,12256.199999999999
Colt,9175.500000000002
Kiel,1507.2
Colton,92092.79999999999
Eliezer,2950.099999999999
Darrius,7049.000000000001
Tuan,211.2
Hung,105.6
Long,356.4
Lamarcus,302.4
Justine,1244.0
Huy,98.39999999999999
Jerrad,331.2
Akeem,4823.8
Cassidy,1450.0
Devan,14739.3
Martell,1059.3
Remington,6051.599999999999
Jacoby,7283.9
Jakob,32407.8
Trumaine,103.2
Marquise,10922.9
Deven,11184.599999999999
Crystal,98.39999999999999
Ryne,2990.1
Coty,5573.200000000001
Grayson,26920.799999999996
Jarrell,1488.3000000000002
Baby,6869.4
Brandin,749.9999999999999
Alonso,7575.999999999999
Danielle,368.4
Tavon,1447.5000000000002
Travon,6276.4
Deonte,7401.9
Rachel,226.79999999999998
Kameron,27353.700000000004
Tavaris,96.0
Tylor,8332.2
Jairo,9167.2
Durell,397.2
Durrell,328.79999999999995
Channing,1166.0
Jaymes,580.8
Dakota,102601.90000000001
Keaton,18166.999999999996
Ulises,9188.3
Brandyn,3695.1
Mackenzie,7752.7
Uriel,14137.4
Terell,218.39999999999998
Kale,4585.9
Dandre,6826.9
Kolby,10407.299999999997
Joshuah,232.79999999999998
Martez,1279.3999999999999
Rayshawn,590.6
Dangelo,6783.699999999999
Derrek,670.5999999999999
Cordero,1068.0
Jayce,8756.3
Maximilian,11416.599999999999
Yaakov,249.59999999999997
Kyler,25325.800000000003
Alexandro,4939.6
Zechariah,7719.1
Giancarlo,5863.199999999999
Garrison,6096.5
Spenser,2415.4999999999995
Austen,7146.300000000001
Payton,24744.3
Kalen,1092.9
Kane,8126.900000000001
Mychal,825.3
Conner,51810.700000000004
Cordaro,128.4
Dashawn,8764.199999999999
Holden,15072.200000000003
Octavius,291.0
Rashaad,746.5999999999999
Montrell,753.9
Jaren,3291.8
Joseluis,114.0
Trevin,1731.6
Brennen,8710.1
Kegan,1447.1999999999998
Camron,14181.5
Colten,12222.9
Codey,2349.5
Arsenio,869.5999999999999
Jaquan,11380.900000000001
Geraldo,138.0
Kelby,1453.7
Jamarcus,4592.400000000001
Marquez,4338.8
Dominque,1554.1000000000001
Brittany,524.8
Ridge,244.8
Mikhail,271.0
Brantley,115.19999999999999
Nico,7316.400000000001
Kade,12509.9
Alexandre,1938.4
Christop,1298.3999999999999
Infant,4271.4
Alexande,361.2
Hakeem,3001.1000000000004
Kadeem,2208.6
Gage,55625.9
Khiry,678.4
Jasmine,181.2
Daquan,7948.600000000001
Niko,4233.3
Rakeem,1091.1
Nikko,854.8999999999999
Dionte,1471.2000000000003
Samantha,145.2
Darion,6563.100000000001
Kendal,997.0999999999999
Kiara,136.79999999999998
Tiffany,136.79999999999998
Khalil,14678.999999999998
Najee,1697.0000000000002
Ladarius,3202.2
Stetson,1082.5
Yosef,3184.9
Dimitri,5293.499999999999
Trevon,15533.4
Tevin,11363.9
Denzel,9786.800000000001
Male,895.7
Laquan,809.9
Kiefer,451.1
Jorden,5729.900000000001
Ibrahim,7095.499999999999
Mykel,180.70000000000002
Kevon,4350.599999999999
Zakary,4678.499999999999
Aidan,118298.7
Talon,8224.4
Codie,1619.8
Hernan,2475.1
Camden,22876.800000000003
Deontae,1342.5000000000002
Keenen,322.40000000000003
Misael,6597.499999999999
Deante,872.3
Devonte,12055.800000000001
Sage,8083.8
Dillan,7106.3
Gunnar,9480.2
Shaquille,5877.3
Dillion,2705.8999999999996
Dylon,4159.0
Storm,1313.0000000000002
Domonique,533.0
Codi,772.2
Jaleel,2528.1
Davion,10784.600000000002
Brayden,77024.09999999999
Denzell,551.2
Dijon,171.6
Devante,8565.300000000001
Keifer,170.3
Tariq,4172.4
Babyboy,347.1
Sawyer,18535.899999999998
Desean,486.20000000000005
Deonta,700.7
Kolton,8455.0
Justyn,2784.1
Unnamed,156.0
Dejon,314.6
Bilal,387.2
Jalen,43008.1
Tre,5360.8
Davonte,3348.5000000000005
Devonta,2207.4
Javonte,2054.0
Devontae,1277.9
Deion,3589.9000000000005
Demetri,629.2
Davante,375.70000000000005
Dyllan,999.6999999999999
Trae,1231.1000000000001
Dondre,787.8000000000001
Tayler,1218.1000000000001
Caden,54908.39999999999
Dakotah,1764.1000000000001
Montel,743.6000000000001
Davonta,172.9
Dalvin,757.9000000000001
Tyshawn,4282.5
Juwan,3346.2000000000003
Tyquan,1726.3
Kieran,8705.1
Colter,153.4
Jaylen,30771.0
Devyn,6379.3
Savon,634.4
Deondre,2226.6
Darrian,1420.9
Dallin,3474.0
Jordy,3096.2
Maximillian,3712.2
Mikal,549.9
Adonis,5082.5
Kelton,3778.899999999999
Shaquan,1086.8000000000002
Maximiliano,5866.5
Devaughn,175.5
Darrien,1099.8
Austyn,3168.0
Kaden,51985.09999999999
Darrion,2637.8999999999996
Fredy,431.1
Montana,1554.8
Kole,6420.0999999999985
Syed,2326.4
Demonte,328.9
Dakoda,696.8000000000001
Jaden,69754.2
Keanu,3550.0999999999995
Jaylon,10139.4
Daulton,399.1
Shyheim,218.4
Markell,1249.9
Menachem,2006.5
Markel,1473.6999999999998
Jayden,127177.09999999999
Khari,206.70000000000002
Trayvon,630.5
Gunner,7375.299999999999
Auston,1263.6
Cain,821.8
Jaylin,10225.3
River,8631.7
Alek,941.0000000000001
Destin,3418.6000000000004
Tyrin,179.4
Ryder,15815.2
Armani,6116.599999999999
Kahlil,973.7
Bryton,332.8
Jonatan,543.4
Tristen,18995.6
Triston,10867.300000000001
Raekwon,1895.4
Tristin,9374.8
Anfernee,932.0999999999999
Draven,5415.9
Romello,397.8
Stone,4221.5
Tristian,5228.0
Easton,11381.299999999997
Treyvon,1556.7
Aiden,118329.79999999999
Rashaan,182.0
Rohan,7602.199999999999
Killian,1891.3
Phoenix,7863.4
Greyson,7761.299999999999
Latrell,1700.6
Brennon,1414.1
Seamus,4459.599999999999
Isai,4629.999999999999
Branson,2981.5999999999995
Damarcus,162.5
Dustyn,159.9
Mateo,16649.699999999997
Keshawn,5546.7
Keyshawn,3836.0
Trystan,2258.3999999999996
Braeden,13146.6
Brayan,13092.699999999997
Shamar,4465.1
Keion,206.70000000000002
Raquan,204.1
Jair,4121.7
Braydon,10561.8
Shemar,1689.7
Reilly,3050.599999999999
Reagan,4229.099999999999
Jaylan,4232.3
Nasir,8977.8
Abdullah,3607.6
Dominik,5852.0
Keagan,5666.1
Kordell,562.9000000000001
Kobe,15742.6
Gianni,6025.099999999999
Jaret,941.2
Koby,3542.8
Nash,4109.2
Rylan,15265.9
Jaxon,22926.899999999998
Giovanny,4309.299999999999
Ronaldo,3682.1
Coleton,195.0
Amari,10001.7
Jarett,475.80000000000007
Keyon,3673.2000000000003
Paxton,5493.0
Landen,17905.699999999997
Raven,1359.9
Jamari,8340.5
Jovani,4209.400000000001
Jovanny,2532.6999999999994
Keandre,399.1
Kenan,176.8
Jajuan,171.6
Ryley,873.1999999999999
Nikhil,3596.5999999999995
Tyrese,9078.699999999999
Tyrek,878.5000000000001
Zion,17920.5
Declan,10913.3
Savion,3928.5999999999995
Kamron,4729.9
Jadon,9153.1
Tyrique,770.0
Tahj,492.7
Tyriq,456.30000000000007
Tyreek,709.8
Izaiah,7529.299999999999
Tavian,219.70000000000002
Jacquez,218.4
Kyree,892.1999999999999
Alessandro,4528.0
Tyrik,210.6
Jordi,490.1
Jalon,880.5
Mekhi,8527.699999999999
Jelani,196.3
Matteo,4918.400000000001
Johan,6622.599999999999
Hamza,4190.599999999999
Brycen,5373.0
Jovany,2937.1999999999994
Jensen,821.5
Rahul,1637.7999999999997
Miguelangel,182.0
Christion,180.70000000000002
Judah,7225.799999999999
Konnor,2345.3
Jaiden,19564.499999999996
Tyreke,284.7
Cayden,20344.9
Jett,6261.099999999999
Zaire,2998.9999999999995
Jaydon,7812.899999999999
Korbin,3790.7000000000003
Tyreese,219.70000000000002
Braedon,3526.699999999999
Jaxson,10724.9
Xander,14030.3
Camren,4744.400000000001
Semaj,3804.999999999999
Ean,3053.3999999999996
Gaven,3097.0
Karson,5692.799999999999
Trevion,1404.6
Ayden,36868.1
Rey,2918.1
Tavion,464.0
Braiden,5074.299999999999
Kadin,4972.099999999999
Arman,188.5
Aditya,3177.7
Rowan,7831.299999999999
Bridger,1245.8
Kylan,3470.3999999999996
Kayden,18670.3
Elian,3609.2
Luca,10082.8
Finn,6853.0
Kaiden,16035.6
Sincere,4040.4
Maximus,12020.4
Xzavier,4254.599999999999
Blaze,3184.999999999999
Gaige,2713.2
London,4148.2
Keshaun,463.4
Sabastian,991.2
Kavon,446.59999999999997
Kian,3892.0
Brodie,5706.4
Jaeden,4228.0
Javion,4107.599999999999
Jamir,2881.2
Maxim,3109.3999999999996
Kamren,1299.2
Alexzander,4174.799999999999
Zander,11500.999999999998
Dayne,207.2
Isaak,2129.3999999999996
Jaheim,3451.0
Jagger,2326.8
Oswaldo,3014.1999999999994
Ronan,4460.4
Haden,1988.0
Jadyn,3116.3999999999996
Immanuel,1573.6
Alijah,4880.4
Jakobe,1699.6
Imanol,499.79999999999995
Jordyn,2401.0
Zain,2787.3999999999996
Yusuf,2426.2
Gavyn,3590.9999999999995
Pranav,2669.7999999999993
Yehuda,761.5999999999999
Daunte,222.6
Caiden,10298.4
Arjun,3231.1999999999994
Jahiem,818.9999999999999
Zavier,2690.7999999999997
Mustafa,725.1999999999999
Rylee,2987.5999999999995
Giovani,3012.7999999999997
Omarion,3679.1999999999994
Yahir,8747.2
Amarion,2395.3999999999996
Gael,9583.0
Cael,2429.0
Treyton,540.3999999999999
Aryan,3407.5999999999995
Jaheem,254.79999999999998
Malakai,3204.6
Javen,1299.1999999999998
Lisandro,250.6
Santino,3119.1999999999994
Adriel,3480.399999999999
Ethen,2252.6
Luc,240.79999999999998
Maximo,2164.3999999999996
Cason,3256.4000000000005
Gannon,1485.3999999999999
Jaquez,233.79999999999998
Bradyn,3362.8
Jase,3848.5999999999995
Zayne,1790.6000000000001
Osbaldo,225.39999999999998
Jovanni,2538.2000000000003
Maddox,13127.8
Jamarion,5202.4
Yair,2653.0
Aydan,3599.3999999999996
Konner,2541.0
Damarion,3213.0
Jahir,299.59999999999997
Enzo,3064.6
Cannon,2822.3999999999996
Kamari,3407.5999999999995
Kaeden,2690.7999999999993
Ryker,4361.0
Soren,2456.9999999999995
Mordechai,236.6
Cristofer,2165.8
Ryland,3130.3999999999996
Zaid,1047.1999999999998
Arnav,1927.8
Canyon,221.2
Kanye,991.1999999999999
Kyan,1528.8000000000002
Cohen,5951.4
Braylon,8003.799999999999
Davian,2676.7999999999993
Jaidyn,1674.3999999999999
Demarion,2133.6
Landyn,4138.4
Luka,2163.0
Braulio,908.5999999999999
Andon,284.2
Aydin,2514.3999999999996
Matias,2125.2
Jaydin,2009.0
Deacon,2619.4
Teagan,2429.0
Kamden,2469.6
Malaki,1986.6
Koda,253.39999999999998
Rhys,2286.2
Haiden,1636.6
Tayshaun,504.0
Jayvon,823.1999999999998
Trenten,240.79999999999998
Rishi,1087.8
Kason,2776.2
Talan,3558.7999999999997
Amare,2402.3999999999996
Makai,1796.1999999999998
Braylen,2783.2
Kadyn,1573.5999999999997
Leandro,1600.1999999999998
Aedan,1799.0
Finnegan,2356.2
Karter,2137.8
Damari,589.4
Messiah,2060.8
Makhi,849.8
Camryn,1555.3999999999999
Gauge,1730.3999999999996
Jax,2020.1999999999998
Adin,516.5999999999999
Krish,1698.1999999999998
Yandel,2252.6
Beckett,2692.2
Kael,1024.8
Bode,327.59999999999997
Koen,963.1999999999999
Zayden,2738.3999999999996
Santana,312.2
Landin,1209.6
Talen,578.1999999999999
Kasen,1607.1999999999998
Aidyn,1573.6
Jasiah,1465.8
Memphis,1733.1999999999998
Kingston,5905.199999999999
Landan,275.79999999999995
Case,1205.3999999999999
Coen,270.2
Izayah,1198.3999999999999
Anders,260.4
Madden,1569.3999999999999
Slade,957.5999999999999
Kellan,866.5999999999999
Jaydan,986.9999999999999
Nery,310.79999999999995
Rayan,1038.8
Dereon,921.2
Yael,917.0
Raiden,1195.6
Nikolai,1023.3999999999999
Lyric,916.9999999999999
Yurem,561.4
Kelan,281.4
Tegan,281.4
Kamryn,576.8
Jayvion,869.3999999999999
Ronin,1040.1999999999998
Daxton,705.5999999999999
Aaden,3099.6
Chace,1222.1999999999998
Marley,803.5999999999999
Kash,855.4
Brogan,676.2
Kymani,747.5999999999999
Ishaan,686.0
Jadiel,882.0
Urijah,886.2
Zaiden,736.4
Eden,641.2
Ayaan,687.4
Aarav,683.1999999999999
Tripp,810.5999999999999
Geovanni,586.5999999999999
Kyson,610.4
Yadiel,644.0
Callum,620.1999999999999
Deegan,561.4
Abdiel,599.1999999999999
Lennon,572.5999999999999
Kolten,613.1999999999999
Carsen,564.2
Sylas,351.4
Kayson,347.2
Jaxton,344.4
Jaxen,334.59999999999997
Dilan,333.2
Camilo,320.59999999999997
Casen,317.79999999999995
Westin,306.59999999999997
Maxx,292.59999999999997
Jaycob,284.2
Juelz,284.2
Kalel,284.2
Remy,281.4
Maddux,278.59999999999997
Zavion,277.2
